Date,Egg_Size,Price,Quantity_Produced,Quantity_Sold,Revenue
13/09/2023,PEWEE,4,1,1,4
13/09/2023,SMALL,6,0,0,0
13/09/2023,MEDIUM,6.66,0,0,0
13/09/2023,LARGE,7.33,0,0,0
13/09/2023,X-LARGE,7.5,0,0,0
13/09/2023,JUMBO,8,0,0,0
14/09/2023,PEWEE,4,3,3,12
14/09/2023,SMALL,6,0,0,0
14/09/2023,MEDIUM,6.66,0,0,0
14/09/2023,LARGE,7.33,0,0,0
14/09/2023,X-LARGE,7.5,0,0,0
14/09/2023,JUMBO,8,0,0,0
15/09/2023,PEWEE,4,3,3,12
15/09/2023,SMALL,6,0,0,0
15/09/2023,MEDIUM,6.66,0,0,0
15/09/2023,LARGE,7.33,0,0,0
15/09/2023,X-LARGE,7.5,0,0,0
15/09/2023,JUMBO,8,0,0,0
16/09/2023,PEWEE,4,7,7,28
15/09/2023,SMALL,6,0,0,0
16/09/2023,MEDIUM,6.66,0,0,0
15/09/2023,LARGE,7.33,0,0,0
16/09/2023,X-LARGE,7.5,0,0,0
15/09/2023,JUMBO,8,0,0,0
17/09/2023,PEWEE,4,8,8,32
17/09/2023,SMALL,6,0,0,0
17/09/2023,MEDIUM,6.66,0,0,0
17/09/2023,LARGE,7.33,0,0,0
17/09/2023,X-LARGE,7.5,0,0,0
17/09/2023,JUMBO,8,0,0,0
18/09/2023,PEWEE,4,13,13,52
18/09/2023,SMALL,6,,0,
18/09/2023,MEDIUM,6.66,,0,
18/09/2023,LARGE,7.33,,0,
18/09/2023,X-LARGE,7.5,,0,
18/09/2023,JUMBO,8,,0,
19/09/2023,PEWEE,4,18,18,72
19/09/2023,SMALL,6,,0,
19/09/2023,MEDIUM,6.66,,0,
19/09/2023,LARGE,7.33,,0,
19/09/2023,X-LARGE,7.5,,0,
19/09/2023,JUMBO,8,,0,
20/09/2023,PEWEE,4,31,31,124
20/09/2023,SMALL,6,1,1,6
20/09/2023,MEDIUM,6.66,1,1,6.66
20/09/2023,LARGE,7.33,,0,
20/09/2023,X-LARGE,7.5,,0,
20/09/2023,JUMBO,8,,0,
21/09/2023,PEWEE,4,34,34,136
21/09/2023,SMALL,6,,0,
21/09/2023,MEDIUM,6.66,1,1,6.66
21/09/2023,LARGE,7.33,,0,
21/09/2023,X-LARGE,7.5,,0,
21/09/2023,JUMBO,8,,0,
22/09/2023,PEWEE,4,47,47,188
22/09/2023,SMALL,6,,0,
22/09/2023,MEDIUM,6.66,2,2,13.32
22/09/2023,LARGE,7.33,,0,
22/09/2023,X-LARGE,7.5,,0,
22/09/2023,JUMBO,8,,0,
23/09/2023,PEWEE,4,66,66,264
23/09/2023,SMALL,6,,0,
23/09/2023,MEDIUM,6.66,3,3,19.98
23/09/2023,LARGE,7.33,,0,
23/09/2023,X-LARGE,7.5,,0,
23/09/2023,JUMBO,8,,0,
24/09/2023,PEWEE,4,91,91,364
24/09/2023,SMALL,6,1,1,6
24/09/2023,MEDIUM,6.66,1,1,6.66
24/09/2023,LARGE,7.33,2,2,14.66
24/09/2023,X-LARGE,7.5,,0,
24/09/2023,JUMBO,8,,0,
25/09/2023,PEWEE,4,94,94,376
25/09/2023,SMALL,6,3,3,18
25/09/2023,MEDIUM,6.66,,0,
25/09/2023,LARGE,7.33,,0,
25/09/2023,X-LARGE,7.5,,0,
25/09/2023,JUMBO,8,,0,
26/09/2023,PEWEE,4,114,114,456
26/09/2023,SMALL,6,1,1,6
26/09/2023,MEDIUM,6.66,3,3,19.98
26/09/2023,LARGE,7.33,2,2,14.66
26/09/2023,X-LARGE,7.5,,0,
26/09/2023,JUMBO,8,,0,
27/09/2023,PEWEE,4,123,123,492
27/09/2023,SMALL,6,4,4,24
27/09/2023,MEDIUM,6.66,1,1,6.66
27/09/2023,LARGE,7.33,2,2,14.66
27/09/2023,X-LARGE,7.5,,0,
27/09/2023,JUMBO,8,,0,
28/09/2023,PEWEE,4,157,157,628
28/09/2023,SMALL,6,3,3,18
28/09/2023,MEDIUM,6.66,1,1,6.66
28/09/2023,LARGE,7.33,3,3,21.99
28/09/2023,X-LARGE,7.5,2,2,15
28/09/2023,JUMBO,8,,0,
29/09/2023,PEWEE,4,164,164,656
29/09/2023,SMALL,6,10,10,60
29/09/2023,MEDIUM,6.66,10,10,66.6
29/09/2023,LARGE,7.33,3,3,21.99
29/09/2023,X-LARGE,7.5,1,1,7.5
29/09/2023,JUMBO,8,,0,
30/09/2023,PEWEE,4,151,151,604
30/09/2023,SMALL,6,14,14,84
30/09/2023,MEDIUM,6.66,3,3,19.98
30/09/2023,LARGE,7.33,2,2,14.66
30/09/2023,X-LARGE,7.5,,0,
30/09/2023,JUMBO,8,,0,
01/10/2023,PEWEE,4,179,179,716
01/10/2023,SMALL,6,31,31,186
01/10/2023,MEDIUM,6.66,1,1,6.66
01/10/2023,LARGE,7.33,,0,
01/10/2023,X-LARGE,7.5,1,1,7.5
01/10/2023,JUMBO,8,,0,
02/10/2023,PEWEE,4,195,195,780
02/10/2023,SMALL,6,28,28,168
02/10/2023,MEDIUM,6.66,4,4,26.64
02/10/2023,LARGE,7.33,1,1,7.33
02/10/2023,X-LARGE,7.5,3,3,22.5
02/10/2023,JUMBO,8,,0,
03/10/2023,PEWEE,4,207,207,828
03/10/2023,SMALL,6,35,35,210
03/10/2023,MEDIUM,6.66,3,3,19.98
03/10/2023,LARGE,7.33,1,1,7.33
03/10/2023,X-LARGE,7.5,3,3,22.5
03/10/2023,JUMBO,8,,0,
04/10/2023,PEWEE,4,207,207,828
04/10/2023,SMALL,6,41,41,246
04/10/2023,MEDIUM,6.66,5,5,33.3
04/10/2023,LARGE,7.33,,0,
04/10/2023,X-LARGE,7.5,1,1,7.5
04/10/2023,JUMBO,8,12,0,
05/10/2023,PEWEE,4,225,225,900
05/10/2023,SMALL,6,41,41,246
05/10/2023,MEDIUM,6.66,2,2,13.32
05/10/2023,LARGE,7.33,4,4,29.32
05/10/2023,X-LARGE,7.5,1,1,7.5
05/10/2023,JUMBO,8,,0,
06/10/2023,PEWEE,4,236,236,944
06/10/2023,SMALL,6,50,50,300
06/10/2023,MEDIUM,6.66,4,4,26.64
06/10/2023,LARGE,7.33,2,2,14.66
06/10/2023,X-LARGE,7.5,2,2,15
06/10/2023,JUMBO,8,,0,
07/10/2023,PEWEE,4,210,210,840
07/10/2023,SMALL,6,82,82,492
07/10/2023,MEDIUM,6.66,3,3,19.98
07/10/2023,LARGE,7.33,1,1,7.33
07/10/2023,X-LARGE,7.5,2,2,15
07/10/2023,JUMBO,8,,0,
08/10/2023,PEWEE,4,242,0,
08/10/2023,SMALL,6,66,0,
08/10/2023,MEDIUM,6.66,3,0,
08/10/2023,LARGE,7.33,5,0,
08/10/2023,X-LARGE,7.5,3,0,
08/10/2023,JUMBO,8,,0,
09/10/2023,PEWEE,4,235,235,940
09/10/2023,SMALL,6,67,67,402
09/10/2023,MEDIUM,6.66,3,3,19.98
09/10/2023,LARGE,7.33,3,3,21.99
09/10/2023,X-LARGE,7.5,8,8,60
09/10/2023,JUMBO,8,,0,
10/10/2023,PEWEE,4,268,268,1072
10/10/2023,SMALL,6,40,40,240
10/10/2023,MEDIUM,6.66,,0,
10/10/2023,LARGE,7.33,2,2,14.66
10/10/2023,X-LARGE,7.5,2,2,15
10/10/2023,JUMBO,8,1,1,8
11/10/2023,PEWEE,4,269,269,1076
11/10/2023,SMALL,6,47,47,282
11/10/2023,MEDIUM,6.66,3,3,19.98
11/10/2023,LARGE,7.33,1,1,7.33
11/10/2023,X-LARGE,7.5,3,3,22.5
11/10/2023,JUMBO,8,1,1,8
12/10/2023,PEWEE,4,279,279,1116
12/10/2023,SMALL,6,36,36,216
12/10/2023,MEDIUM,6.66,,0,
12/10/2023,LARGE,7.33,3,3,21.99
12/10/2023,X-LARGE,7.5,2,2,15
12/10/2023,JUMBO,8,,0,
13/10/2023,PEWEE,4,279,279,1116
13/10/2023,SMALL,6,55,55,330
13/10/2023,MEDIUM,6.66,2,2,13.32
13/10/2023,LARGE,7.33,7,7,51.31
13/10/2023,X-LARGE,7.5,1,1,7.5
13/10/2023,JUMBO,8,,0,
14/10/2023,PEWEE,4,282,282,1128
14/10/2023,SMALL,6,37,37,222
14/10/2023,MEDIUM,6.66,2,2,13.32
14/10/2023,LARGE,7.33,3,3,21.99
14/10/2023,X-LARGE,7.5,1,1,7.5
14/10/2023,JUMBO,8,1,1,8
15/10/2023,PEWEE,4,277,277,1108
15/10/2023,SMALL,6,26,26,156
15/10/2023,MEDIUM,6.66,2,2,13.32
15/10/2023,LARGE,7.33,1,1,7.33
15/10/2023,X-LARGE,7.5,2,2,15
15/10/2023,JUMBO,8,1,1,8
16/10/2023,PEWEE,4,291,291,1164
16/10/2023,SMALL,6,27,27,162
16/10/2023,MEDIUM,6.66,2,2,13.32
16/10/2023,LARGE,7.33,2,2,14.66
16/10/2023,X-LARGE,7.5,3,3,22.5
16/10/2023,JUMBO,8,,0,
17/10/2023,PEWEE,4,250,250,1000
17/10/2023,SMALL,6,66,66,396
17/10/2023,MEDIUM,6.66,8,8,53.28
17/10/2023,LARGE,7.33,3,3,21.99
17/10/2023,X-LARGE,7.5,1,1,7.5
17/10/2023,JUMBO,8,,0,
18/10/2023,PEWEE,4,237,237,948
18/10/2023,SMALL,6,71,71,426
18/10/2023,MEDIUM,6.66,4,4,26.64
18/10/2023,LARGE,7.33,3,3,21.99
18/10/2023,X-LARGE,7.5,3,3,22.5
18/10/2023,JUMBO,8,,0,
19/10/2023,PEWEE,4,251,251,1004
19/10/2023,SMALL,6,61,61,366
19/10/2023,MEDIUM,6.66,4,4,26.64
19/10/2023,LARGE,7.33,1,1,7.33
19/10/2023,X-LARGE,7.5,2,2,15
19/10/2023,JUMBO,8,,0,
20/10/2023,PEWEE,4,253,253,1012
20/10/2023,SMALL,6,66,66,396
20/10/2023,MEDIUM,6.66,7,7,46.62
20/10/2023,LARGE,7.33,,0,
20/10/2023,X-LARGE,7.5,,0,
20/10/2023,JUMBO,8,2,2,16
21/10/2023,PEWEE,4,236,236,944
21/10/2023,SMALL,6,75,75,450
21/10/2023,MEDIUM,6.66,4,4,26.64
21/10/2023,LARGE,7.33,2,2,14.66
21/10/2023,X-LARGE,7.5,3,3,22.5
21/10/2023,JUMBO,8,1,1,8
22/10/2023,PEWEE,4,246,246,984
22/10/2023,SMALL,6,75,75,450
22/10/2023,MEDIUM,6.66,11,11,73.26
22/10/2023,LARGE,7.33,1,1,7.33
22/10/2023,X-LARGE,7.5,,0,
22/10/2023,JUMBO,8,,0,
23/10/2023,PEWEE,4,231,231,924
23/10/2023,SMALL,6,106,106,636
23/10/2023,MEDIUM,6.66,12,12,79.92
23/10/2023,LARGE,7.33,1,1,7.33
23/10/2023,X-LARGE,7.5,1,1,7.5
23/10/2023,JUMBO,8,7,7,56
24/10/2023,PEWEE,4,231,231,924
24/10/2023,SMALL,6,107,107,642
24/10/2023,MEDIUM,6.66,4,4,26.64
24/10/2023,LARGE,7.33,,0,
24/10/2023,X-LARGE,7.5,1,1,7.5
24/10/2023,JUMBO,8,1,1,8
25/10/2023,PEWEE,4,224,224,896
25/10/2023,SMALL,6,93,93,558
25/10/2023,MEDIUM,6.66,15,15,99.9
25/10/2023,LARGE,7.33,2,2,14.66
25/10/2023,X-LARGE,7.5,,0,
25/10/2023,JUMBO,8,2,0,
26/10/2023,PEWEE,4,151,151,604
26/10/2023,SMALL,6,159,159,954
26/10/2023,MEDIUM,6.66,48,48,319.68
26/10/2023,LARGE,7.33,2,2,14.66
26/10/2023,X-LARGE,7.5,2,2,15
26/10/2023,JUMBO,8,3,3,24
27/10/2023,PEWEE,4,179,179,716
27/10/2023,SMALL,6,144,144,864
27/10/2023,MEDIUM,6.66,31,31,206.46
27/10/2023,LARGE,7.33,,0,
27/10/2023,X-LARGE,7.5,2,2,15
27/10/2023,JUMBO,8,,0,
28/10/2023,PEWEE,4,201,201,804
28/10/2023,SMALL,6,145,145,870
28/10/2023,MEDIUM,6.66,20,20,133.2
28/10/2023,LARGE,7.33,0,0,0
28/10/2023,X-LARGE,7.5,1,1,7.5
28/10/2023,JUMBO,8,1,1,8
29/10/2023,PEWEE,4,167,167,668
29/10/2023,SMALL,6,164,164,984
29/10/2023,MEDIUM,6.66,24,24,159.84
29/10/2023,LARGE,7.33,,0,
29/10/2023,X-LARGE,7.5,1,1,7.5
29/10/2023,JUMBO,8,0,0,0
30/10/2023,PEWEE,4,162,162,648
30/10/2023,SMALL,6,174,174,1044
30/10/2023,MEDIUM,6.66,34,34,226.44
30/10/2023,LARGE,7.33,,0,
30/10/2023,X-LARGE,7.5,,0,
30/10/2023,JUMBO,8,,0,
31/10/2023,PEWEE,4,134,134,536
31/10/2023,SMALL,6,199,199,1194
31/10/2023,MEDIUM,6.66,45,45,299.7
31/10/2023,LARGE,7.33,1,1,7.33
31/10/2023,X-LARGE,7.5,2,2,15
31/10/2023,JUMBO,8,2,2,16
01/11/2023,PEWEE,4,72,72,288
01/11/2023,SMALL,6.5,178,178,1157
01/11/2023,MEDIUM,7,40,40,280
01/11/2023,LARGE,8,3,3,24
01/11/2023,X-LARGE,8.67,4,4,34.68
01/11/2023,JUMBO,9,1,1,9
02/11/2023,PEWEE,4,90,90,360
02/11/2023,SMALL,6.5,172,172,1118
02/11/2023,MEDIUM,7,45,45,315
02/11/2023,LARGE,8,2,2,16
02/11/2023,X-LARGE,8.67,1,1,8.67
02/11/2023,JUMBO,9,4,4,36
03/11/2023,PEWEE,4,69,69,276
03/11/2023,SMALL,6.5,199,199,1293.5
03/11/2023,MEDIUM,7,57,57,399
03/11/2023,LARGE,8,4,4,32
03/11/2023,X-LARGE,8.67,1,1,8.67
03/11/2023,JUMBO,9,2,2,18
04/11/2023,PEWEE,4,55,55,220
04/11/2023,SMALL,6.5,221,221,1436.5
04/11/2023,MEDIUM,7,48,48,336
04/11/2023,LARGE,8,5,5,40
04/11/2023,X-LARGE,8.67,1,1,8.67
04/11/2023,JUMBO,9,3,3,27
05/11/2023,PEWEE,4,40,40,160
05/11/2023,SMALL,6.5,189,188.6923077,1226.5
05/11/2023,MEDIUM,7,67,67,469
05/11/2023,LARGE,8,6,6,48
05/11/2023,X-LARGE,8.67,1,1,8.67
05/11/2023,JUMBO,9,1,1,9
06/11/2023,PEWEE,4,46,46,184
06/11/2023,SMALL,6.5,206,206,1339
06/11/2023,MEDIUM,7,86,86,602
06/11/2023,LARGE,8,8,8,64
06/11/2023,X-LARGE,8.67,4,4,34.68
06/11/2023,JUMBO,9,3,3,27
07/11/2023,PEWEE,4,47,47,188
07/11/2023,SMALL,6.5,206,206,1339
07/11/2023,MEDIUM,7,90,90,630
07/11/2023,LARGE,8,10,10,80
07/11/2023,X-LARGE,8.67,2,2,17.34
07/11/2023,JUMBO,9,4,4,36
08/11/2023,PEWEE,4,34,34,136
08/11/2023,SMALL,6.5,203,203,1319.5
08/11/2023,MEDIUM,7,122,122,854
08/11/2023,LARGE,8,10,10,80
08/11/2023,X-LARGE,8.67,2,2,17.34
08/11/2023,JUMBO,9,2,2,18
09/11/2023,PEWEE,4,63,63,252
09/11/2023,SMALL,6.5,194,194,1261
09/11/2023,MEDIUM,7,93,93,651
09/11/2023,LARGE,8,9,9,72
09/11/2023,X-LARGE,8.67,,0,
09/11/2023,JUMBO,9,4,4,36
10/11/2023,PEWEE,4,40,40,160
10/11/2023,SMALL,6.5,217,217,1410.5
10/11/2023,MEDIUM,7,101,101,707
10/11/2023,LARGE,8,9,9,72
10/11/2023,X-LARGE,8.67,1,1,8.67
10/11/2023,JUMBO,9,2,2,18
11/11/2023,PEWEE,4,30,30,120
11/11/2023,SMALL,6.5,230,230,1495
11/11/2023,MEDIUM,7,96,96,672
11/11/2023,LARGE,8,13,13,104
11/11/2023,X-LARGE,8.67,1,1,8.67
11/11/2023,JUMBO,9,8,8,72
12/11/2023,PEWEE,4,32,32,128
12/11/2023,SMALL,6.5,214,214,1391
12/11/2023,MEDIUM,7,106,106,742
12/11/2023,LARGE,8,16,16,128
12/11/2023,X-LARGE,8.67,,0,
12/11/2023,JUMBO,9,3,3,27
13/11/2023,PEWEE,4,41,41,164
13/11/2023,SMALL,6.5,224,224,1456
13/11/2023,MEDIUM,7,102,102,714
13/11/2023,LARGE,8,12,12,96
13/11/2023,X-LARGE,8.67,,0,
13/11/2023,JUMBO,9,2,6,54
14/11/2023,PEWEE,4,37,37,148
14/11/2023,SMALL,6.5,221,221,1436.5
14/11/2023,MEDIUM,7,119,119,833
14/11/2023,LARGE,8,14,14,112
14/11/2023,X-LARGE,8.67,,0,
14/11/2023,JUMBO,9,2,2,18
15/11/2023,PEWEE,4,16,16,64
15/11/2023,SMALL,6.5,175,175,1137.5
15/11/2023,MEDIUM,7,161,161,1127
15/11/2023,LARGE,8,42,42,336
15/11/2023,X-LARGE,8.67,4,4,34.68
15/11/2023,JUMBO,9,2,2,18
16/11/2023,PEWEE,4,23,23,92
16/11/2023,SMALL,6.5,164,164,1066
16/11/2023,MEDIUM,7,160,160,1120
16/11/2023,LARGE,8,40,40,320
16/11/2023,X-LARGE,8.67,4,4,34.68
16/11/2023,JUMBO,9,2,2,18
17/11/2023,PEWEE,4,33,33,132
17/11/2023,SMALL,6.5,207,207,1345.5
17/11/2023,MEDIUM,7,124,124,868
17/11/2023,LARGE,8,15,15,120
17/11/2023,X-LARGE,8.67,1,1,8.67
17/11/2023,JUMBO,9,5,5,45
18/11/2023,PEWEE,4,38,38,152
18/11/2023,SMALL,6.5,211,211,1371.5
18/11/2023,MEDIUM,7,100,100,700
18/11/2023,LARGE,8,20,20,160
18/11/2023,X-LARGE,8.67,1,1,8.67
18/11/2023,JUMBO,9,5,5,45
19/11/2023,PEWEE,4,25,25,100
19/11/2023,SMALL,6.5,202,202,1313
19/11/2023,MEDIUM,7,143,143,1001
19/11/2023,LARGE,8,23,23,184
19/11/2023,X-LARGE,8.67,,0,
19/11/2023,JUMBO,9,1,1,9
20/11/2023,PEWEE,4,26,26,104
20/11/2023,SMALL,6.5,199,199,1293.5
20/11/2023,MEDIUM,7,126,126,882
20/11/2023,LARGE,8,21,21,168
20/11/2023,X-LARGE,8.67,1,1,8.67
20/11/2023,JUMBO,9,3,3,27
21/11/2023,PEWEE,4,28,28,112
21/11/2023,SMALL,6.5,211,211,1371.5
21/11/2023,MEDIUM,7,220,220,1540
21/11/2023,LARGE,8,27,27,216
21/11/2023,X-LARGE,8.67,2,2,17.34
21/11/2023,JUMBO,9,6,6,54
22/11/2023,PEWEE,4,29,29,116
22/11/2023,SMALL,6.5,203,203,1319.5
22/11/2023,MEDIUM,7,135,135,945
22/11/2023,LARGE,8,18,18,144
22/11/2023,X-LARGE,8.67,2,2,17.34
22/11/2023,JUMBO,9,4,4,36
23/11/2023,PEWEE,4,26,26,104
23/11/2023,SMALL,6.5,175,175,1137.5
23/11/2023,MEDIUM,7,140,140,980
23/11/2023,LARGE,8,23,23,184
23/11/2023,X-LARGE,8.67,14,14,121.38
23/11/2023,JUMBO,9,6,6,54
24/11/2023,PEWEE,4,28,28,112
24/11/2023,SMALL,6.5,198,198,1287
24/11/2023,MEDIUM,7,147,147,1029
24/11/2023,LARGE,8,18,18,144
24/11/2023,X-LARGE,8.67,2,2,17.34
24/11/2023,JUMBO,9,3,3,27
25/11/2023,PEWEE,4,20,20,80
25/11/2023,SMALL,6.5,184,184,1196
25/11/2023,MEDIUM,7,175,175,1225
25/11/2023,LARGE,8,24,24,192
25/11/2023,X-LARGE,8.67,4,4,34.68
25/11/2023,JUMBO,9,1,1,9
26/11/2023,PEWEE,4,27,27,108
26/11/2023,SMALL,6.5,201,201,1306.5
26/11/2023,MEDIUM,7,143,143,1001
26/11/2023,LARGE,8,27,27,216
26/11/2023,X-LARGE,8.67,1,1,8.67
26/11/2023,JUMBO,9,7,7,63
27/11/2023,PEWEE,4,21,21,84
27/11/2023,SMALL,6.5,211,211,1371.5
27/11/2023,MEDIUM,7,143,143,1001
27/11/2023,LARGE,8,27,27,216
27/11/2023,X-LARGE,8.67,1,1,8.67
27/11/2023,JUMBO,9,7,7,63
28/11/2023,PEWEE,4,25,25,100
28/11/2023,SMALL,6.5,198,198,1287
28/11/2023,MEDIUM,7,146,146,1022
28/11/2023,LARGE,8,28,28,224
28/11/2023,X-LARGE,8.67,1,1,8.67
28/11/2023,JUMBO,9,5,5,45
29/11/2023,PEWEE,4,20,20,80
29/11/2023,SMALL,6.5,199,199,1293.5
29/11/2023,MEDIUM,7,135,135,945
29/11/2023,LARGE,8,33,33,264
29/11/2023,X-LARGE,8.67,4,4,34.68
29/11/2023,JUMBO,9,,0,
30/11/2023,PEWEE,4,21,21,84
30/11/2023,SMALL,6.5,189,189,1228.5
30/11/2023,MEDIUM,7,160,160,1120
30/11/2023,LARGE,8,30,30,240
30/11/2023,X-LARGE,8.67,2,2,17.34
30/11/2023,JUMBO,9,,0,
01/12/2023,PEWEE,4,18,18,72
01/12/2023,SMALL,6.5,188,188,1222
01/12/2023,MEDIUM,7,32,32,224
01/12/2023,LARGE,8,38,38,304
01/12/2023,X-LARGE,8.67,4,4,34.68
01/12/2023,JUMBO,9,6,6,54
02/12/2023,PEWEE,4,15,15,60
02/12/2023,SMALL,6.5,206,206,1339
02/12/2023,MEDIUM,7,161,161,1127
02/12/2023,LARGE,8,30,30,240
02/12/2023,X-LARGE,8.67,5,5,43.35
02/12/2023,JUMBO,9,3,3,27
03/12/2023,PEWEE,4,16,16,64
03/12/2023,SMALL,6.5,208,208,1352
03/12/2023,MEDIUM,7,146,146,1022
03/12/2023,LARGE,8,33,33,264
03/12/2023,X-LARGE,8.67,1,1,8.67
03/12/2023,JUMBO,9,3,3,27
04/12/2023,PEWEE,4,22,22,88
04/12/2023,SMALL,6.5,193,193,1254.5
04/12/2023,MEDIUM,7,161,161,1127
04/12/2023,LARGE,8,33,33,264
04/12/2023,X-LARGE,8.67,1,1,8.67
04/12/2023,JUMBO,9,5,5,45
05/12/2023,PEWEE,4,21,21,84
05/12/2023,SMALL,6.5,206,206,1339
05/12/2023,MEDIUM,7,142,142,994
05/12/2023,LARGE,8,30,30,240
05/12/2023,X-LARGE,8.67,3,3,26.01
05/12/2023,JUMBO,9,2,2,18
06/12/2023,PEWEE,4,20,20,80
06/12/2023,SMALL,6.5,178,178,1157
06/12/2023,MEDIUM,7,175,175,1225
06/12/2023,LARGE,8,36,36,288
06/12/2023,X-LARGE,8.67,3,3,26.01
06/12/2023,JUMBO,9,4,4,36
07/12/2023,PEWEE,4,18,18,72
07/12/2023,SMALL,6.5,189,189,1228.5
07/12/2023,MEDIUM,7,158,158,1106
07/12/2023,LARGE,8,36,36,288
07/12/2023,X-LARGE,8.67,,0,
07/12/2023,JUMBO,9,7,7,63
08/12/2023,PEWEE,4,19,19,76
08/12/2023,SMALL,6.5,169,169,1098.5
08/12/2023,MEDIUM,7,170,170,1190
08/12/2023,LARGE,8,35,35,280
08/12/2023,X-LARGE,8.67,5,5,43.35
08/12/2023,JUMBO,9,5,5,45
09/12/2023,PEWEE,4,18,18,72
09/12/2023,SMALL,6.5,174,174,1131
09/12/2023,MEDIUM,7,182,182,1274
09/12/2023,LARGE,8,35,35,280
09/12/2023,X-LARGE,8.67,1,1,8.67
09/12/2023,JUMBO,9,3,3,27
10/12/2023,PEWEE,4,19,19,76
10/12/2023,SMALL,6.5,182,182,1183
10/12/2023,MEDIUM,7,174,174,1218
10/12/2023,LARGE,8,25,25,200
10/12/2023,X-LARGE,8.67,2,2,17.34
10/12/2023,JUMBO,9,4,4,36
11/12/2023,PEWEE,4,15,15,60
11/12/2023,SMALL,6.5,198,198,1287
11/12/2023,MEDIUM,7,156,156,1092
11/12/2023,LARGE,8,35,35,280
11/12/2023,X-LARGE,8.67,3,3,26.01
11/12/2023,JUMBO,9,3,3,27
12/12/2023,PEWEE,4,7,7,28
12/12/2023,SMALL,6.5,168,168,1092
12/12/2023,MEDIUM,7,188,188,1316
12/12/2023,LARGE,8,49,49,392
12/12/2023,X-LARGE,8.67,6,6,52.02
12/12/2023,JUMBO,9,7,7,63
13/12/2023,PEWEE,4,19,19,76
13/12/2023,SMALL,6.5,183,183,1189.5
13/12/2023,MEDIUM,7,159,159,1113
13/12/2023,LARGE,8,50,50,400
13/12/2023,X-LARGE,8.67,3,3,26.01
13/12/2023,JUMBO,9,2,2,18
14/12/2023,PEWEE,4,11,11,44
14/12/2023,SMALL,6.5,170,170,1105
14/12/2023,MEDIUM,7,170,170,1190
14/12/2023,LARGE,8,48,48,384
14/12/2023,X-LARGE,8.67,4,4,34.68
14/12/2023,JUMBO,9,4,4,36
15/12/2023,PEWEE,4,14,14,56
15/12/2023,SMALL,6.5,173,173,1124.5
15/12/2023,MEDIUM,7,186,186,1302
15/12/2023,LARGE,8,44,44,352
15/12/2023,X-LARGE,8.67,6,6,52.02
15/12/2023,JUMBO,9,2,2,18
16/12/2023,PEWEE,4,7,7,28
16/12/2023,SMALL,6.5,168,168,1092
16/12/2023,MEDIUM,7,189,189,1323
16/12/2023,LARGE,8,42,42,336
16/12/2023,X-LARGE,8.67,1,1,8.67
16/12/2023,JUMBO,9,2,2,18
17/12/2023,PEWEE,4,13,13,52
17/12/2023,SMALL,6.5,184,184,1196
17/12/2023,MEDIUM,7,163,163,1141
17/12/2023,LARGE,8,47,47,376
17/12/2023,X-LARGE,8.67,6,6,52.02
17/12/2023,JUMBO,9,5,5,45
18/12/2023,PEWEE,4,14,14,56
18/12/2023,SMALL,6.5,164,164,1066
18/12/2023,MEDIUM,7,181,181,1267
18/12/2023,LARGE,8,62,62,496
18/12/2023,X-LARGE,8.67,3,3,26.01
18/12/2023,JUMBO,9,2,2,18
19/12/2023,PEWEE,4,10,10,40
19/12/2023,SMALL,6.5,159,159,1033.5
19/12/2023,MEDIUM,7,187,187,1309
19/12/2023,LARGE,8,44,44,352
19/12/2023,X-LARGE,8.67,9,9,78.03
19/12/2023,JUMBO,9,1,1,9
20/12/2023,PEWEE,4,12,12,48
20/12/2023,SMALL,6.5,178,178,1157
20/12/2023,MEDIUM,7,173,173,1211
20/12/2023,LARGE,8,54,54,432
20/12/2023,X-LARGE,8.67,1,1,8.67
20/12/2023,JUMBO,9,1,1,9
21/12/2023,PEWEE,4,14,14,56
21/12/2023,SMALL,6.5,161,161,1046.5
21/12/2023,MEDIUM,7,170,170,1190
21/12/2023,LARGE,8,56,56,448
21/12/2023,X-LARGE,8.67,3,3,26.01
21/12/2023,JUMBO,9,2,2,18
22/12/2023,PEWEE,4,30,30,120
22/12/2023,SMALL,6.5,187,187,1215.5
22/12/2023,MEDIUM,7,156,156,1092
22/12/2023,LARGE,8,51,51,408
22/12/2023,X-LARGE,8.67,1,1,8.67
22/12/2023,JUMBO,9,2,2,18
23/12/2023,PEWEE,4,10,10,40
23/12/2023,SMALL,6.5,141,140.9230769,916
23/12/2023,MEDIUM,7,179,179,1253
23/12/2023,LARGE,8,73,73,584
23/12/2023,X-LARGE,8.67,10,10,86.7
23/12/2023,JUMBO,9,5,5,45
24/12/2023,PEWEE,4,10,10,40
24/12/2023,SMALL,6.5,141,141,916.5
24/12/2023,MEDIUM,7,184,184,1288
24/12/2023,LARGE,8,85,85,680
24/12/2023,X-LARGE,8.67,9,9,78.03
24/12/2023,JUMBO,9,1,1,9
25/12/2023,PEWEE,4,7,7,28
25/12/2023,SMALL,6.5,165,165,1072.5
25/12/2023,MEDIUM,7,164,164,1148
25/12/2023,LARGE,8,80,80,640
25/12/2023,X-LARGE,8.67,12,12,104.04
25/12/2023,JUMBO,9,1,1,9
26/12/2023,PEWEE,4,8,8,32
26/12/2023,SMALL,6.5,144,144,936
26/12/2023,MEDIUM,7,172,172,1204
26/12/2023,LARGE,8,86,86,688
26/12/2023,X-LARGE,8.67,11,11,95.37
26/12/2023,JUMBO,9,1,1,9
27/12/2023,PEWEE,4,153,153,612
27/12/2023,SMALL,6.5,183,183,1189.5
27/12/2023,MEDIUM,7,69,69,483
27/12/2023,LARGE,8,6,6,48
27/12/2023,X-LARGE,8.67,2,2,17.34
27/12/2023,JUMBO,9,3,3,27
28/12/2023,PEWEE,4,6,6,24
28/12/2023,SMALL,6.5,150,150,975
28/12/2023,MEDIUM,7,185,185,1295
28/12/2023,LARGE,8,82,82,656
28/12/2023,X-LARGE,8.67,11,11,95.37
28/12/2023,JUMBO,9,,0,
29/12/2023,PEWEE,4,6,6,24
29/12/2023,SMALL,6.5,138,138,897
29/12/2023,MEDIUM,7,197,197,1379
29/12/2023,LARGE,8,75,75,600
29/12/2023,X-LARGE,8.67,11,11,95.37
29/12/2023,JUMBO,9,2,2,18
30/12/2023,PEWEE,4,1,1,4
30/12/2023,SMALL,6.5,126,126,819
30/12/2023,MEDIUM,7,192,192,1344
30/12/2023,LARGE,8,85,85,680
30/12/2023,X-LARGE,8.67,16,16,138.72
30/12/2023,JUMBO,9,5,5,45
31/12/2023,PEWEE,4,15,15,60
31/12/2023,SMALL,6.5,159,159,1033.5
31/12/2023,MEDIUM,7,185,185,1295
31/12/2023,LARGE,8,62,62,496
31/12/2023,X-LARGE,8.67,8,8,69.36
31/12/2023,JUMBO,9,3,3,27
01/01/2024,PEWEE,4,25,25,100
01/01/2024,SMALL,6.5,150,150,975
01/01/2024,MEDIUM,7,190,190,1330
01/01/2024,LARGE,8,56,56,448
01/01/2024,X-LARGE,8.67,5,5,43.35
01/01/2024,JUMBO,9,2,2,18
02/01/2024,PEWEE,4,21,21,84
02/01/2024,SMALL,6.5,145,145,942.5
02/01/2024,MEDIUM,7,152,152,1064
02/01/2024,LARGE,8,71,71,568
02/01/2024,X-LARGE,8.67,5,5,43.35
02/01/2024,JUMBO,9,3,3,27
03/01/2024,PEWEE,4,18,18,72
03/01/2024,SMALL,6.5,141,141,916.5
03/01/2024,MEDIUM,7,193,193,1351
03/01/2024,LARGE,8,75,75,600
03/01/2024,X-LARGE,8.67,6,6,52.02
03/01/2024,JUMBO,9,0,0,0
04/01/2024,PEWEE,4,4,4,16
04/01/2024,SMALL,6.5,145,145,942.5
04/01/2024,MEDIUM,7,187,187,1309
04/01/2024,LARGE,8,77,77,616
04/01/2024,X-LARGE,8.67,9,9,78.03
04/01/2024,JUMBO,9,4,4,36
05/01/2024,PEWEE,4,15,15,60
05/01/2024,SMALL,6.5,150,150,975
05/01/2024,MEDIUM,7,185,185,1295
05/01/2024,LARGE,8,92,92,736
05/01/2024,X-LARGE,8.67,6,6,52.02
05/01/2024,JUMBO,9,1,1,9
06/01/2024,PEWEE,4,4,4,16
06/01/2024,SMALL,6.5,103,103,669.5
06/01/2024,MEDIUM,7,234,234,1638
06/01/2024,LARGE,8,76,76,608
06/01/2024,X-LARGE,8.67,9,9,78.03
06/01/2024,JUMBO,9,3,3,27
07/01/2024,PEWEE,4,9,9,36
07/01/2024,SMALL,6.5,103,103,669.5
07/01/2024,MEDIUM,7,234,234,1638
07/01/2024,LARGE,8,76,76,608
07/01/2024,X-LARGE,8.67,9,9,78.03
07/01/2024,JUMBO,9,3,3,27
08/01/2024,PEWEE,4,15,15,60
08/01/2024,SMALL,6.5,142,142,923
08/01/2024,MEDIUM,7,182,182,1274
08/01/2024,LARGE,8,78,78,624
08/01/2024,X-LARGE,8.67,7,7,60.69
08/01/2024,JUMBO,9,1,1,9
09/01/2024,PEWEE,4,14,14,56
09/01/2024,SMALL,6.5,158,158,1027
09/01/2024,MEDIUM,7,191,191,1337
09/01/2024,LARGE,8,60,60,480
09/01/2024,X-LARGE,8.67,12,12,104.04
09/01/2024,JUMBO,9,2,2,18
10/01/2024,PEWEE,4,15,15,60
10/01/2024,SMALL,6.5,153,153,994.5
10/01/2024,MEDIUM,7,190,190,1330
10/01/2024,LARGE,8,69,69,552
10/01/2024,X-LARGE,8.67,10,10,86.7
10/01/2024,JUMBO,9,2,2,18
11/01/2024,PEWEE,4,18,18,72
11/01/2024,SMALL,6.5,166,166,1079
11/01/2024,MEDIUM,7,187,187,1309
11/01/2024,LARGE,8,63,63,504
11/01/2024,X-LARGE,8.67,7,7,60.69
11/01/2024,JUMBO,9,2,2,18
12/01/2024,PEWEE,4,14,14,56
12/01/2024,SMALL,6.5,154,154,1001
12/01/2024,MEDIUM,7,185,185,1295
12/01/2024,LARGE,8,63,63,504
12/01/2024,X-LARGE,8.67,10,10,86.7
12/01/2024,JUMBO,9,3,3,27
13/01/2024,PEWEE,4,11,11,44
13/01/2024,SMALL,6.5,175,175,1137.5
13/01/2024,MEDIUM,7,154,154,1078
13/01/2024,LARGE,8,79,79,632
13/01/2024,X-LARGE,8.67,12,12,104.04
13/01/2024,JUMBO,9,4,4,36
14/01/2024,PEWEE,4,12,12,48
14/01/2024,SMALL,6.5,169,169,1098.5
14/01/2024,MEDIUM,7,160,160,1120
14/01/2024,LARGE,8,72,72,576
14/01/2024,X-LARGE,8.67,10,10,86.7
14/01/2024,JUMBO,9,3,3,27
15/01/2024,PEWEE,4,15,15,60
15/01/2024,SMALL,6.5,156,156,1014
15/01/2024,MEDIUM,7,196,196,1372
15/01/2024,LARGE,8,58,58,464
15/01/2024,X-LARGE,8.67,6,6,52.02
15/01/2024,JUMBO,9,0,0,0
16/01/2024,PEWEE,4,21,21,84
16/01/2024,SMALL,6.5,162,162,1053
16/01/2024,MEDIUM,7,190,190,1330
16/01/2024,LARGE,8,70,70,560
16/01/2024,X-LARGE,8.67,5,5,43.35
16/01/2024,JUMBO,9,2,2,18
17/01/2024,PEWEE,4,13,13,52
17/01/2024,SMALL,6.5,133,133,864.5
17/01/2024,MEDIUM,7,197,197,1379
17/01/2024,LARGE,8,83,83,664
17/01/2024,X-LARGE,8.67,12,12,104.04
17/01/2024,JUMBO,9,0,0,0
18/01/2024,PEWEE,4,14,14,56
18/01/2024,SMALL,6.5,142,142,923
18/01/2024,MEDIUM,7,195,195,1365
18/01/2024,LARGE,8,82,82,656
18/01/2024,X-LARGE,8.67,11,11,95.37
18/01/2024,JUMBO,9,2,2,18
19/01/2024,PEWEE,4,16,16,64
19/01/2024,SMALL,6.5,163,163,1059.5
19/01/2024,MEDIUM,7,182,182,1274
19/01/2024,LARGE,8,74,74,592
19/01/2024,X-LARGE,8.67,4,4,34.68
19/01/2024,JUMBO,9,1,1,9
20/01/2024,PEWEE,4,21,21,84
20/01/2024,SMALL,6.5,165,165,1072.5
20/01/2024,MEDIUM,7,174,174,1218
20/01/2024,LARGE,8,57,57,456
20/01/2024,X-LARGE,8.67,7,7,60.69
20/01/2024,JUMBO,9,0,0,0
21/01/2024,PEWEE,4,16,16,64
21/01/2024,SMALL,6.5,136,136,884
21/01/2024,MEDIUM,7,182,182,1274
21/01/2024,LARGE,8,74,74,592
21/01/2024,X-LARGE,8.67,18,18,156.06
21/01/2024,JUMBO,9,4,4,36
22/01/2024,PEWEE,4,17,17,68
22/01/2024,SMALL,6.5,156,156,1014
22/01/2024,MEDIUM,7,194,194,1358
22/01/2024,LARGE,8,68,68,544
22/01/2024,X-LARGE,8.67,6,6,52.02
22/01/2024,JUMBO,9,0,0,0
23/01/2024,PEWEE,4,6,6,24
23/01/2024,SMALL,6.5,97,97,630.5
23/01/2024,MEDIUM,7,200,200,1400
23/01/2024,LARGE,8,95,95,760
23/01/2024,X-LARGE,8.67,21,21,182.07
23/01/2024,JUMBO,9,2,2,18
24/01/2024,PEWEE,4,4,4,16
24/01/2024,SMALL,6.5,106,106,689
24/01/2024,MEDIUM,7,208,208,1456
24/01/2024,LARGE,8,96,96,768
24/01/2024,X-LARGE,8.67,19,19,164.73
24/01/2024,JUMBO,9,1,1,9
25/01/2024,PEWEE,4,3,3,12
25/01/2024,SMALL,6.5,83,83,539.5
25/01/2024,MEDIUM,7,193,193,1351
25/01/2024,LARGE,8,121,121,968
25/01/2024,X-LARGE,8.67,22,22,190.74
25/01/2024,JUMBO,9,4,4,36
26/01/2024,PEWEE,4,8,8,32
26/01/2024,SMALL,6.5,116,116,754
26/01/2024,MEDIUM,7,195,195,1365
26/01/2024,LARGE,8,94,94,752
26/01/2024,X-LARGE,8.67,17,17,147.39
26/01/2024,JUMBO,9,1,1,9
27/01/2024,PEWEE,4,7,7,28
27/01/2024,SMALL,6.5,120,120,780
27/01/2024,MEDIUM,7,211,211,1477
27/01/2024,LARGE,8,94,94,752
27/01/2024,X-LARGE,8.67,14,14,121.38
27/01/2024,JUMBO,9,0,0,0
28/01/2024,PEWEE,4,13,13,52
28/01/2024,SMALL,6.5,122,122,793
28/01/2024,MEDIUM,7,198,198,1386
28/01/2024,LARGE,8,91,91,728
28/01/2024,X-LARGE,8.67,10,10,86.7
28/01/2024,JUMBO,9,3,3,27
29/01/2024,PEWEE,4,6,6,24
29/01/2024,SMALL,6.5,112,112,728
29/01/2024,MEDIUM,7,211,211,1477
29/01/2024,LARGE,8,85,85,680
29/01/2024,X-LARGE,8.67,13,13,112.71
29/01/2024,JUMBO,9,2,2,18
30/01/2024,PEWEE,4,3,3,12
30/01/2024,SMALL,6.5,125,125,812.5
30/01/2024,MEDIUM,7,191,191,1337
30/01/2024,LARGE,8,86,86,688
30/01/2024,X-LARGE,8.67,19,19,164.73
30/01/2024,JUMBO,9,2,2,18
31/01/2024,PEWEE,4,0,0,0
31/01/2024,SMALL,6.5,138,138,897
31/01/2024,MEDIUM,7,174,174,1218
31/01/2024,LARGE,8,101,101,808
31/01/2024,X-LARGE,8.67,8,8,69.36
31/01/2024,JUMBO,9,3,3,27
01/02/2024,PEWEE,4,7,,28
01/02/2024,SMALL,6.5,138,138,897
01/02/2024,MEDIUM,7,189,189,1323
01/02/2024,LARGE,8,80,80,640
01/02/2024,X-LARGE,8.67,16,16,138.72
01/02/2024,JUMBO,9,2,2,18
02/02/2024,PEWEE,4,6,6,24
02/02/2024,SMALL,6.5,121,121,786.5
02/02/2024,MEDIUM,7,194,194,1358
02/02/2024,LARGE,8,89,89,712
02/02/2024,X-LARGE,8.67,16,16,138.72
02/02/2024,JUMBO,9,1,1,9
03/02/2024,PEWEE,4,6,6,24
03/02/2024,SMALL,6.5,120,120,780
03/02/2024,MEDIUM,7,206,206,1442
03/02/2024,LARGE,8,92,92,736
03/02/2024,X-LARGE,8.67,16,16,138.72
03/02/2024,JUMBO,9,2,2,18
04/02/2024,PEWEE,4,4,4,16
04/02/2024,SMALL,6.5,84,84,546
04/02/2024,MEDIUM,7,210,210,1470
04/02/2024,LARGE,8,129,129,1032
04/02/2024,X-LARGE,8.67,17,17,147.39
04/02/2024,JUMBO,9,6,6,54
05/02/2024,PEWEE,4,3,3,12
05/02/2024,SMALL,6.5,84,84,546
05/02/2024,MEDIUM,7,184,184,1288
05/02/2024,LARGE,8,125,125,1000
05/02/2024,X-LARGE,8.67,34,34,294.78
05/02/2024,JUMBO,9,3,3,27
06/02/2024,PEWEE,4,5,5,20
06/02/2024,SMALL,6.5,98,98,637
06/02/2024,MEDIUM,7,196,196,1372
06/02/2024,LARGE,8,106,106,848
06/02/2024,X-LARGE,8.67,23,23,199.41
06/02/2024,JUMBO,9,3,3,27
07/02/2024,PEWEE,4,8,8,32
07/02/2024,SMALL,6.5,108,108,702
07/02/2024,MEDIUM,7,190,190,1330
07/02/2024,LARGE,8,114,114,912
07/02/2024,X-LARGE,8.67,12,12,104.04
07/02/2024,JUMBO,9,2,2,18
08/02/2024,PEWEE,4,6,6,24
08/02/2024,SMALL,6.5,136,136,884
08/02/2024,MEDIUM,7,179,179,1253
08/02/2024,LARGE,8,100,100,800
08/02/2024,X-LARGE,8.67,20,20,173.4
08/02/2024,JUMBO,9,2,2,18
09/02/2024,PEWEE,4,11,11,44
09/02/2024,SMALL,6.5,109,109,708.5
09/02/2024,MEDIUM,7,194,194,1358
09/02/2024,LARGE,8,99,99,792
09/02/2024,X-LARGE,8.67,23,23,199.41
09/02/2024,JUMBO,9,3,3,27
10/02/2024,PEWEE,4,11,11,44
10/02/2024,SMALL,6.5,109,109,708.5
10/02/2024,MEDIUM,7,194,194,1358
10/02/2024,LARGE,8,99,99,792
10/02/2024,X-LARGE,8.67,23,23,199.41
10/02/2024,JUMBO,9,3,3,27
11/02/2024,PEWEE,4,13,13,52
11/02/2024,SMALL,6.5,161,161,1046.5
11/02/2024,MEDIUM,7,161,161,1127
11/02/2024,LARGE,8,81,81,648
11/02/2024,X-LARGE,8.67,1,1,8.67
11/02/2024,JUMBO,9,1,1,9
12/02/2024,PEWEE,4,2,2,8
12/02/2024,SMALL,6.5,92,92,598
12/02/2024,MEDIUM,7,203,203,1421
12/02/2024,LARGE,8,112,112,896
12/02/2024,X-LARGE,8.67,31,31,268.77
12/02/2024,JUMBO,9,5,5,45
13/02/2024,PEWEE,4,2,2,8
13/02/2024,SMALL,6.5,98,98,637
13/02/2024,MEDIUM,7,213,213,1491
13/02/2024,LARGE,8,106,106,848
13/02/2024,X-LARGE,8.67,30,30,260.1
13/02/2024,JUMBO,9,3,3,27
14/02/2024,PEWEE,4,6,6,24
14/02/2024,SMALL,6.5,90,90,585
14/02/2024,MEDIUM,7,201,201,1407
14/02/2024,LARGE,8,117,117,936
14/02/2024,X-LARGE,8.67,33,33,286.11
14/02/2024,JUMBO,9,5,5,45
15/02/2024,PEWEE,4,5,5,20
15/02/2024,SMALL,6.5,81,81,526.5
15/02/2024,MEDIUM,7,196,196,1372
15/02/2024,LARGE,8,132,132,1056
15/02/2024,X-LARGE,8.67,31,31,268.77
15/02/2024,JUMBO,9,2,2,18
16/02/2024,PEWEE,4,1,1,4
16/02/2024,SMALL,6.5,83,83,539.5
16/02/2024,MEDIUM,7,197,197,1379
16/02/2024,LARGE,8,114,114,912
16/02/2024,X-LARGE,8.67,24,24,208.08
16/02/2024,JUMBO,9,1,1,9
17/02/2024,PEWEE,4,3,3,12
17/02/2024,SMALL,6.5,91,91,591.5
17/02/2024,MEDIUM,7,199,199,1393
17/02/2024,LARGE,8,127,127,1016
17/02/2024,X-LARGE,8.67,20,20,173.4
17/02/2024,JUMBO,9,4,4,36
18/02/2024,PEWEE,4,3,3,12
18/02/2024,SMALL,6.5,67,67,435.5
18/02/2024,MEDIUM,7,184,184,1288
18/02/2024,LARGE,8,144,144,1152
18/02/2024,X-LARGE,8.67,40,40,346.8
18/02/2024,JUMBO,9,7,7,63
19/02/2024,PEWEE,4,3,3,12
19/02/2024,SMALL,6.5,66,66,429
19/02/2024,MEDIUM,7,189,189,1323
19/02/2024,LARGE,8,158,158,1264
19/02/2024,X-LARGE,8.67,27,27,234.09
19/02/2024,JUMBO,9,3,3,27
20/02/2024,PEWEE,4,6,6,24
20/02/2024,SMALL,6.5,79,79,513.5
20/02/2024,MEDIUM,7,197,197,1379
20/02/2024,LARGE,8,115,115,920
20/02/2024,X-LARGE,8.67,36,36,312.12
20/02/2024,JUMBO,9,13,13,117
21/02/2024,PEWEE,4,1,1,4
21/02/2024,SMALL,6.5,59,59,383.5
21/02/2024,MEDIUM,7,177,177,1239
21/02/2024,LARGE,8,147,147,1176
21/02/2024,X-LARGE,8.67,44,44,381.48
21/02/2024,JUMBO,9,12,12,108
22/02/2024,PEWEE,4,5,5,20
22/02/2024,SMALL,6.5,122,122,793
22/02/2024,MEDIUM,7,197,197,1379
22/02/2024,LARGE,8,115,115,920
22/02/2024,X-LARGE,8.67,34,34,294.78
22/02/2024,JUMBO,9,5,5,45
23/02/2024,PEWEE,4,5,5,20
23/02/2024,SMALL,6.5,60,60,390
23/02/2024,MEDIUM,7,188,188,1316
23/02/2024,LARGE,8,132,132,1056
23/02/2024,X-LARGE,8.67,52,52,450.84
23/02/2024,JUMBO,9,3,3,27
24/02/2024,PEWEE,4,2,2,8
24/02/2024,SMALL,6.5,50,50,325
24/02/2024,MEDIUM,7,161,161,1127
24/02/2024,LARGE,8,147,147,1176
24/02/2024,X-LARGE,8.67,29,29,251.43
24/02/2024,JUMBO,9,17,17,153
25/02/2024,PEWEE,4,1,1,4
25/02/2024,SMALL,6.5,41,41,266.5
25/02/2024,MEDIUM,7,184,184,1288
25/02/2024,LARGE,8,167,167,1336
25/02/2024,X-LARGE,8.67,42,42,364.14
25/02/2024,JUMBO,9,6,6,54
26/02/2024,PEWEE,4,2,2,8
26/02/2024,SMALL,6.5,86,86,559
26/02/2024,MEDIUM,7,191,191,1337
26/02/2024,LARGE,8,120,120,960
26/02/2024,X-LARGE,8.67,32,32,277.44
26/02/2024,JUMBO,9,3,3,27
27/02/2024,PEWEE,4,6,6,24
27/02/2024,SMALL,6.5,72,72,468
27/02/2024,MEDIUM,7,202,202,1414
27/02/2024,LARGE,8,128,128,1024
27/02/2024,X-LARGE,8.67,23,23,199.41
27/02/2024,JUMBO,9,9,9,81
28/02/2024,PEWEE,4,2,2,8
28/02/2024,SMALL,6.5,65,65,422.5
28/02/2024,MEDIUM,7,179,179,1253
28/02/2024,LARGE,8,144,144,1152
28/02/2024,X-LARGE,8.67,43,43,372.81
28/02/2024,JUMBO,9,6,6,54
29/02/2024,PEWEE,4,1,1,4
29/02/2024,SMALL,6.5,53,53,344.5
29/02/2024,MEDIUM,7,161,161,1127
29/02/2024,LARGE,8,146,146,1168
29/02/2024,X-LARGE,8.67,47,47,407.49
29/02/2024,JUMBO,9,9,9,81
01/03/2024,PEWEE,4,1,1,4
01/03/2024,SMALL,6.5,70,70,455
01/03/2024,MEDIUM,7,179,179,1253
01/03/2024,LARGE,8,137,137,1096
01/03/2024,X-LARGE,8.67,45,45,390.15
01/03/2024,JUMBO,9,7,7,63
02/03/2024,PEWEE,4,1,1,4
02/03/2024,SMALL,6.5,70,70,455
02/03/2024,MEDIUM,7,193,193,1351
02/03/2024,LARGE,8,141,141,1128
02/03/2024,X-LARGE,8.67,35,35,303.45
02/03/2024,JUMBO,9,5,5,45
03/03/2024,PEWEE,4,2,2,8
03/03/2024,SMALL,6.5,102,102,663
03/03/2024,MEDIUM,7,177,177,1239
03/03/2024,LARGE,8,138,138,1104
03/03/2024,X-LARGE,8.67,16,16,138.72
03/03/2024,JUMBO,9,4,4,36
04/03/2024,PEWEE,4,5,5,20
04/03/2024,SMALL,6.5,119,119,773.5
04/03/2024,MEDIUM,7,183,183,1281
04/03/2024,LARGE,8,119,119,952
04/03/2024,X-LARGE,8.67,18,18,156.06
04/03/2024,JUMBO,9,1,1,9
05/03/2024,PEWEE,4,16,16,64
05/03/2024,SMALL,6.5,164,164,1066
05/03/2024,MEDIUM,7,211,211,1477
05/03/2024,LARGE,8,132,132,1056
05/03/2024,X-LARGE,8.67,34,34,294.78
05/03/2024,JUMBO,9,3,3,27
06/03/2024,PEWEE,4,6,6,24
06/03/2024,SMALL,6.5,77,77,500.5
06/03/2024,MEDIUM,7,196,196,1372
06/03/2024,LARGE,8,132,132,1056
06/03/2024,X-LARGE,8.67,28,28,242.76
06/03/2024,JUMBO,9,4,4,36
07/03/2024,PEWEE,4,10,10,40
07/03/2024,SMALL,6.5,84,84,546
07/03/2024,MEDIUM,7,172,172,1204
07/03/2024,LARGE,8,126,126,1008
07/03/2024,X-LARGE,8.67,27,27,234.09
07/03/2024,JUMBO,9,4,4,36
08/03/2024,PEWEE,4,5,5,20
08/03/2024,SMALL,6.5,85,85,552.5
08/03/2024,MEDIUM,7,186,186,1302
08/03/2024,LARGE,8,131,131,1048
08/03/2024,X-LARGE,8.67,26,26,225.42
08/03/2024,JUMBO,9,0,0,0
09/03/2024,PEWEE,4,4,4,16
09/03/2024,SMALL,6.5,121,121,786.5
09/03/2024,MEDIUM,7,190,190,1330
09/03/2024,LARGE,8,109,109,872
09/03/2024,X-LARGE,8.67,14,14,121.38
09/03/2024,JUMBO,9,0,0,0
10/03/2024,PEWEE,4,6,6,24
10/03/2024,SMALL,6.5,122,122,793
10/03/2024,MEDIUM,7,204,204,1428
10/03/2024,LARGE,8,101,101,808
10/03/2024,X-LARGE,8.67,18,18,156.06
10/03/2024,JUMBO,9,2,2,18
11/03/2024,PEWEE,4,1,1,4
11/03/2024,SMALL,6.5,94,94,611
11/03/2024,MEDIUM,7,206,206,1442
11/03/2024,LARGE,8,109,109,872
11/03/2024,X-LARGE,8.67,19,19,164.73
11/03/2024,JUMBO,9,3,3,27
12/03/2024,PEWEE,4,0,0,0
12/03/2024,SMALL,6.5,79,79,513.5
12/03/2024,MEDIUM,7,205,205,1435
12/03/2024,LARGE,8,119,119,952
12/03/2024,X-LARGE,8.67,12,12,104.04
12/03/2024,JUMBO,9,3,3,27
13/03/2024,PEWEE,4,10,10,40
13/03/2024,SMALL,6.5,110,110,715
13/03/2024,MEDIUM,7,201,201,1407
13/03/2024,LARGE,8,93,93,744
13/03/2024,X-LARGE,8.67,12,12,104.04
13/03/2024,JUMBO,9,3,3,27
14/03/2024,PEWEE,4,6,6,24
14/03/2024,SMALL,6.5,108,108,702
14/03/2024,MEDIUM,7,180,180,1260
14/03/2024,LARGE,8,97,97,776
14/03/2024,X-LARGE,8.67,11,11,95.37
14/03/2024,JUMBO,9,3,3,27
15/03/2024,PEWEE,4,5,5,20
15/03/2024,SMALL,6.5,109,109,708.5
15/03/2024,MEDIUM,7,205,205,1435
15/03/2024,LARGE,8,81,81,648
15/03/2024,X-LARGE,8.67,15,15,130.05
15/03/2024,JUMBO,9,2,2,18
16/03/2024,PEWEE,4,2,2,8
16/03/2024,SMALL,6.5,84,84,546
16/03/2024,MEDIUM,7,184,184,1288
16/03/2024,LARGE,8,117,117,936
16/03/2024,X-LARGE,8.67,15,15,130.05
16/03/2024,JUMBO,9,4,4,36
17/03/2024,PEWEE,4,6,6,24
17/03/2024,SMALL,6.5,97,97,630.5
17/03/2024,MEDIUM,7,190,190,1330
17/03/2024,LARGE,8,106,106,848
17/03/2024,X-LARGE,8.67,14,14,121.38
17/03/2024,JUMBO,9,5,5,45
18/03/2024,PEWEE,4,4,4,16
18/03/2024,SMALL,6.5,101,101,656.5
18/03/2024,MEDIUM,7,187,187,1309
18/03/2024,LARGE,8,92,92,736
18/03/2024,X-LARGE,8.67,20,20,173.4
18/03/2024,JUMBO,9,2,2,18
19/03/2024,PEWEE,4,8,8,32
19/03/2024,SMALL,6.5,122,122,793
19/03/2024,MEDIUM,7,186,186,1302
19/03/2024,LARGE,8,80,80,640
19/03/2024,X-LARGE,8.67,19,19,164.73
19/03/2024,JUMBO,9,0,0,0
20/03/2024,PEWEE,4,9,9,36
20/03/2024,SMALL,6.5,131,131,851.5
20/03/2024,MEDIUM,7,159,159,1113
20/03/2024,LARGE,8,131,131,1048
20/03/2024,X-LARGE,8.67,14,14,121.38
20/03/2024,JUMBO,9,0,0,0
21/03/2024,PEWEE,4,4,4,16
21/03/2024,SMALL,6.5,119,119,773.5
21/03/2024,MEDIUM,7,183,183,1281
21/03/2024,LARGE,8,86,86,688
21/03/2024,X-LARGE,8.67,18,18,156.06
21/03/2024,JUMBO,9,0,0,0
22/03/2024,PEWEE,4,6,6,24
22/03/2024,SMALL,6.5,99,99,643.5
22/03/2024,MEDIUM,7,184,184,1288
22/03/2024,LARGE,8,93,93,744
22/03/2024,X-LARGE,8.67,23,23,199.41
22/03/2024,JUMBO,9,0,0,0
23/03/2024,PEWEE,4,7,7,28
23/03/2024,SMALL,6.5,91,91,591.5
23/03/2024,MEDIUM,7,180,180,1260
23/03/2024,LARGE,8,102,102,816
23/03/2024,X-LARGE,8.67,20,20,173.4
23/03/2024,JUMBO,9,0,0,0
24/03/2024,PEWEE,4,1,1,4
24/03/2024,SMALL,6.5,98,98,637
24/03/2024,MEDIUM,7,164,164,1148
24/03/2024,LARGE,8,111,111,888
24/03/2024,X-LARGE,8.67,21,21,182.07
24/03/2024,JUMBO,9,1,1,9
25/03/2024,PEWEE,4,4,4,16
25/03/2024,SMALL,6.5,62,62,403
25/03/2024,MEDIUM,7,154,154,1078
25/03/2024,LARGE,8,165,165,1320
25/03/2024,X-LARGE,8.67,29,29,251.43
25/03/2024,JUMBO,9,0,0,0
26/03/2024,PEWEE,4,1,1,4
26/03/2024,SMALL,6.5,59,59,383.5
26/03/2024,MEDIUM,7,191,191,1337
26/03/2024,LARGE,8,122,122,976
26/03/2024,X-LARGE,8.67,30,30,260.1
26/03/2024,JUMBO,9,1,1,9
27/03/2024,PEWEE,4,5,5,20
27/03/2024,SMALL,6.5,87,87,565.5
27/03/2024,MEDIUM,7,176,176,1232
27/03/2024,LARGE,8,119,119,952
27/03/2024,X-LARGE,8.67,27,27,234.09
27/03/2024,JUMBO,9,2,2,18
28/03/2024,PEWEE,4,4,4,16
28/03/2024,SMALL,6.5,69,69,448.5
28/03/2024,MEDIUM,7,194,194,1358
28/03/2024,LARGE,8,109,109,872
28/03/2024,X-LARGE,8.67,22,22,190.74
28/03/2024,JUMBO,9,0,0,0
29/03/2024,PEWEE,4,8,8,32
29/03/2024,SMALL,6.5,113,113,734.5
29/03/2024,MEDIUM,7,191,191,1337
29/03/2024,LARGE,8,77,77,616
29/03/2024,X-LARGE,8.67,9,9,78.03
29/03/2024,JUMBO,9,0,0,0
30/03/2024,PEWEE,4,1,1,4
30/03/2024,SMALL,6.5,78,78,507
30/03/2024,MEDIUM,7,223,223,1561
30/03/2024,LARGE,8,94,94,752
30/03/2024,X-LARGE,8.67,17,17,147.39
30/03/2024,JUMBO,9,3,3,27
31/03/2024,PEWEE,4,6,6,24
31/03/2024,SMALL,6.5,85,85,552.5
31/03/2024,MEDIUM,7,180,180,1260
31/03/2024,LARGE,8,108,108,864
31/03/2024,X-LARGE,8.67,23,23,199.41
31/03/2024,JUMBO,9,2,2,18
01/04/2024,PULLETS,4,8,8,32
01/04/2024,SMALL,6.5,96,96,624
01/04/2024,MEDIUM,7,198,198,1386
01/04/2024,LARGE,8,99,99,792
01/04/2024,X-LARGE,8.67,12,12,104.04
01/04/2024,JUMBO,9,1,1,9
02/04/2024,PULLETS,4,7,7,28
02/04/2024,SMALL,6.5,90,90,585
02/04/2024,MEDIUM,7,182,182,1274
02/04/2024,LARGE,8,125,125,1000
02/04/2024,X-LARGE,8.67,12,12,104.04
02/04/2024,JUMBO,9,5,5,45
03/04/2024,PULLETS,4,37,37,148
03/04/2024,SMALL,6.5,84,84,546
03/04/2024,MEDIUM,7,200,200,1400
03/04/2024,LARGE,8,115,115,920
03/04/2024,X-LARGE,8.67,19,19,164.73
03/04/2024,JUMBO,9,3,3,27
04/04/2024,PULLETS,4,8,8,32
04/04/2024,SMALL,6.5,80,80,520
04/04/2024,MEDIUM,7,203,203,1421
04/04/2024,LARGE,8,124,124,992
04/04/2024,X-LARGE,8.67,24,24,208.08
04/04/2024,JUMBO,9,4,4,36
05/04/2024,PULLETS,4,10,10,40
05/04/2024,SMALL,6.5,74,74,481
05/04/2024,MEDIUM,7,198,198,1386
05/04/2024,LARGE,8,121,121,968
05/04/2024,X-LARGE,8.67,24,24,208.08
05/04/2024,JUMBO,9,2,2,18
06/04/2024,PULLETS,4,7,7,28
06/04/2024,SMALL,6.5,67,67,435.5
06/04/2024,MEDIUM,7,183,183,1281
06/04/2024,LARGE,8,132,132,1056
06/04/2024,X-LARGE,8.67,41,41,355.47
06/04/2024,JUMBO,9,4,4,36
07/04/2024,PULLETS,4,2,2,8
07/04/2024,SMALL,6.5,51,51,331.5
07/04/2024,MEDIUM,7,163,163,1141
07/04/2024,LARGE,8,162,162,1296
07/04/2024,X-LARGE,8.67,48,48,416.16
07/04/2024,JUMBO,9,9,9,81
08/04/2024,PULLETS,4,7,7,28
08/04/2024,SMALL,6.5,64,64,416
08/04/2024,MEDIUM,7,192,192,1344
08/04/2024,LARGE,8,132,132,1056
08/04/2024,X-LARGE,8.67,32,32,277.44
08/04/2024,JUMBO,9,7,7,63
09/04/2024,PULLETS,4,5,5,20
09/04/2024,SMALL,6.5,72,72,468
09/04/2024,MEDIUM,7,192,192,1344
09/04/2024,LARGE,8,125,125,1000
09/04/2024,X-LARGE,8.67,34,34,294.78
09/04/2024,JUMBO,9,5,5,45
10/04/2024,PULLETS,4,6,6,24
10/04/2024,SMALL,6.5,54,54,351
10/04/2024,MEDIUM,7,201,201,1407
10/04/2024,LARGE,8,117,117,936
10/04/2024,X-LARGE,8.67,42,42,364.14
10/04/2024,JUMBO,9,3,3,27
11/04/2024,PULLETS,4,8,8,32
11/04/2024,SMALL,6.5,87,87,565.5
11/04/2024,MEDIUM,7,178,178,1246
11/04/2024,LARGE,8,111,111,888
11/04/2024,X-LARGE,8.67,38,38,329.46
11/04/2024,JUMBO,9,5,5,45
12/04/2024,PULLETS,4,5,5,20
12/04/2024,SMALL,6.5,93,93,604.5
12/04/2024,MEDIUM,7,196,196,1372
12/04/2024,LARGE,8,104,104,832
12/04/2024,X-LARGE,8.67,25,25,216.75
12/04/2024,JUMBO,9,4,4,36
13/04/2024,PULLETS,4,7,7,28
13/04/2024,SMALL,6.5,74,74,481
13/04/2024,MEDIUM,7,209,209,1463
13/04/2024,LARGE,8,110,110,880
13/04/2024,X-LARGE,8.67,32,32,277.44
13/04/2024,JUMBO,9,4,4,36
14/04/2024,PULLETS,4,4,4,16
14/04/2024,SMALL,6.5,80,80,520
14/04/2024,MEDIUM,7,195,195,1365
14/04/2024,LARGE,8,129,129,1032
14/04/2024,X-LARGE,8.67,29,29,251.43
14/04/2024,JUMBO,9,5,5,45
15/04/2024,PULLETS,4,4,4,16
15/04/2024,SMALL,6.5,77,77,500.5
15/04/2024,MEDIUM,7,213,213,1491
15/04/2024,LARGE,8,108,108,864
15/04/2024,X-LARGE,8.67,25,25,216.75
15/04/2024,JUMBO,9,9,9,81
16/04/2024,PULLETS,4,3,3,12
16/04/2024,SMALL,6.5,51,51,331.5
16/04/2024,MEDIUM,7,182,182,1274
16/04/2024,LARGE,8,137,137,1096
16/04/2024,X-LARGE,8.67,55,55,476.85
16/04/2024,JUMBO,9,11,11,99
17/04/2024,PULLETS,4,1,1,4
17/04/2024,SMALL,6.5,58,58,377
17/04/2024,MEDIUM,7,183,183,1281
17/04/2024,LARGE,8,149,149,1192
17/04/2024,X-LARGE,8.67,46,46,398.82
17/04/2024,JUMBO,9,8,8,72
18/04/2024,PULLETS,4,3,3,12
18/04/2024,SMALL,6.5,53,53,344.5
18/04/2024,MEDIUM,7,189,189,1323
18/04/2024,LARGE,8,130,130,1040
18/04/2024,X-LARGE,8.67,46,46,398.82
18/04/2024,JUMBO,9,14,14,126
19/04/2024,PULLETS,4,3,3,12
19/04/2024,SMALL,6.5,62,62,403
19/04/2024,MEDIUM,7,196,196,1372
19/04/2024,LARGE,8,140,140,1120
19/04/2024,X-LARGE,8.67,35,35,303.45
19/04/2024,JUMBO,9,4,4,36
20/04/2024,PULLETS,4,4,4,16
20/04/2024,SMALL,6.5,59,59,383.5
20/04/2024,MEDIUM,7,186,186,1302
20/04/2024,LARGE,8,124,124,992
20/04/2024,X-LARGE,8.67,45,45,390.15
20/04/2024,JUMBO,9,8,8,72
21/04/2024,PULLETS,4,7,7,28
21/04/2024,SMALL,6.5,86,86,559
21/04/2024,MEDIUM,7,186,186,1302
21/04/2024,LARGE,8,131,131,1048
21/04/2024,X-LARGE,8.67,33,33,286.11
21/04/2024,JUMBO,9,6,6,54
22/04/2024,PULLETS,4,7,7,28
22/04/2024,SMALL,6.5,76,76,494
22/04/2024,MEDIUM,7,188,188,1316
22/04/2024,LARGE,8,129,129,1032
22/04/2024,X-LARGE,8.67,44,44,381.48
22/04/2024,JUMBO,9,0,0,0
23/04/2024,PULLETS,4,6,6,24
23/04/2024,SMALL,6.5,71,71,461.5
23/04/2024,MEDIUM,7,191,191,1337
23/04/2024,LARGE,8,130,130,1040
23/04/2024,X-LARGE,8.67,44,44,381.48
23/04/2024,JUMBO,9,3,3,27
24/04/2024,PULLETS,4,7,7,28
24/04/2024,SMALL,6.5,76,76,494
24/04/2024,MEDIUM,7,182,182,1274
24/04/2024,LARGE,8,130,130,1040
24/04/2024,X-LARGE,8.67,43,43,372.81
24/04/2024,JUMBO,9,3,3,27
25/04/2024,PULLETS,4,10,10,40
25/04/2024,SMALL,6.5,96,96,624
25/04/2024,MEDIUM,7,182,182,1274
25/04/2024,LARGE,8,118,118,944
25/04/2024,X-LARGE,8.67,29,29,251.43
25/04/2024,JUMBO,9,3,3,27
26/04/2024,PULLETS,4,8,8,32
26/04/2024,SMALL,6.5,91,91,591.5
26/04/2024,MEDIUM,7,170,170,1190
26/04/2024,LARGE,8,121,121,968
26/04/2024,X-LARGE,8.67,40,40,346.8
26/04/2024,JUMBO,9,4,4,36
27/04/2024,PULLETS,4,7,7,28
27/04/2024,SMALL,6.5,106,106,689
27/04/2024,MEDIUM,7,189,189,1323
27/04/2024,LARGE,8,108,108,864
27/04/2024,X-LARGE,8.67,30,30,260.1
27/04/2024,JUMBO,9,1,1,9
28/04/2024,PULLETS,4,16,16,64
28/04/2024,SMALL,6.5,105,105,682.5
28/04/2024,MEDIUM,7,174,174,1218
28/04/2024,LARGE,8,103,103,824
28/04/2024,X-LARGE,8.67,29,29,251.43
28/04/2024,JUMBO,9,3,3,27
29/04/2024,PULLETS,4,22,22,88
29/04/2024,SMALL,6.5,125,125,812.5
29/04/2024,MEDIUM,7,160,160,1120
29/04/2024,LARGE,8,102,102,816
29/04/2024,X-LARGE,8.67,20,20,173.4
29/04/2024,JUMBO,9,3,3,27
30/04/2024,PULLETS,4,12,12,48
30/04/2024,SMALL,6.5,89,89,578.5
30/04/2024,MEDIUM,7,185,185,1295
30/04/2024,LARGE,8,120,120,960
30/04/2024,X-LARGE,8.67,22,22,190.74
30/04/2024,JUMBO,9,3,3,27
01/05/2024,PULLETS,5,5,5,25
01/05/2024,SMALL,6,92,92,552
01/05/2024,MEDIUM,7,185,185,1295
01/05/2024,LARGE,7.66,125,125,957.5
01/05/2024,X-LARGE,8.33,34,34,283.22
01/05/2024,JUMBO,8.66,2,2,17.32
02/05/2024,PULLETS,5,8,8,40
02/05/2024,SMALL,6,85,85,510
02/05/2024,MEDIUM,7,174,174,1218
02/05/2024,LARGE,7.66,134,134,1026.44
02/05/2024,X-LARGE,8.33,28,28,233.24
02/05/2024,JUMBO,8.66,6,6,51.96
03/05/2024,PULLETS,5,6,6,30
03/05/2024,SMALL,6,75,75,450
03/05/2024,MEDIUM,7,190,190,1330
03/05/2024,LARGE,7.66,130,130,995.8
03/05/2024,X-LARGE,8.33,34,34,283.22
03/05/2024,JUMBO,8.66,3,3,25.98
04/05/2024,PULLETS,5,8,8,40
04/05/2024,SMALL,6,95,95,570
04/05/2024,MEDIUM,7,182,182,1274
04/05/2024,LARGE,7.66,115,115,880.9
04/05/2024,X-LARGE,8.33,35,35,291.55
04/05/2024,JUMBO,8.66,5,5,43.3
05/05/2024,PULLETS,5,5,5,25
05/05/2024,SMALL,6,81,81,486
05/05/2024,MEDIUM,7,196,196,1372
05/05/2024,LARGE,7.66,105,105,804.3
05/05/2024,X-LARGE,8.33,38,38,316.54
05/05/2024,JUMBO,8.66,5,5,43.3
06/05/2024,PULLETS,5,1,1,5
06/05/2024,SMALL,6,64,64,384
06/05/2024,MEDIUM,7,169,169,1183
06/05/2024,LARGE,7.66,146,146,1118.36
06/05/2024,X-LARGE,8.33,42,42,349.86
06/05/2024,JUMBO,8.66,8,8,69.28
07/05/2024,PULLETS,5,13,13,65
07/05/2024,SMALL,6,94,94,564
07/05/2024,MEDIUM,7,188,188,1316
07/05/2024,LARGE,7.66,108,108,827.28
07/05/2024,X-LARGE,8.33,23,23,191.59
07/05/2024,JUMBO,8.66,4,4,34.64
08/05/2024,PULLETS,5,1,1,5
08/05/2024,SMALL,6,75,75,450
08/05/2024,MEDIUM,7,187,187,1309
08/05/2024,LARGE,7.66,129,129,988.14
08/05/2024,X-LARGE,8.33,32,32,266.56
08/05/2024,JUMBO,8.66,6,6,51.96
09/05/2024,PULLETS,5,2,2,10
09/05/2024,SMALL,6,59,59,354
09/05/2024,MEDIUM,7,175,175,1225
09/05/2024,LARGE,7.66,158,158,1210.28
09/05/2024,X-LARGE,8.33,37,37,308.21
09/05/2024,JUMBO,8.66,2,2,17.32
10/05/2024,PULLETS,5,3,3,15
10/05/2024,SMALL,6,59,59,354
10/05/2024,MEDIUM,7,181,181,1267
10/05/2024,LARGE,7.66,154,154,1179.64
10/05/2024,X-LARGE,8.33,34,34,283.22
10/05/2024,JUMBO,8.66,1,1,8.66
11/05/2024,PULLETS,5,0,0,0
11/05/2024,SMALL,6,69,69,414
11/05/2024,MEDIUM,7,190,190,1330
11/05/2024,LARGE,7.66,131,131,1003.46
11/05/2024,X-LARGE,8.33,35,35,291.55
11/05/2024,JUMBO,8.66,4,4,34.64
12/05/2024,PULLETS,5,5,5,25
12/05/2024,SMALL,6,71,71,426
12/05/2024,MEDIUM,7,196,196,1372
12/05/2024,LARGE,7.66,134,134,1026.44
12/05/2024,X-LARGE,8.33,24,24,199.92
12/05/2024,JUMBO,8.66,2,2,17.32
13/05/2024,PULLETS,5,3,3,15
13/05/2024,SMALL,6,77,77,462
13/05/2024,MEDIUM,7,196,196,1372
13/05/2024,LARGE,7.66,122,122,934.52
13/05/2024,X-LARGE,8.33,22,22,183.26
13/05/2024,JUMBO,8.66,2,2,17.32
14/05/2024,PULLETS,5,5,5,25
14/05/2024,SMALL,6,67,67,402
14/05/2024,MEDIUM,7,192,192,1344
14/05/2024,LARGE,7.66,121,121,926.86
14/05/2024,X-LARGE,8.33,29,29,241.57
14/05/2024,JUMBO,8.66,2,2,17.32
15/05/2024,PULLETS,5,3,3,15
15/05/2024,SMALL,6,73,73,438
15/05/2024,MEDIUM,7,197,197,1379
15/05/2024,LARGE,7.66,113,113,865.58
15/05/2024,X-LARGE,8.33,28,28,233.24
15/05/2024,JUMBO,8.66,6,6,51.96
16/05/2024,PULLETS,5,2,2,10
16/05/2024,SMALL,6,79,79,474
16/05/2024,MEDIUM,7,150,150,1050
16/05/2024,LARGE,7.66,147,147,1126.02
16/05/2024,X-LARGE,8.33,37,37,308.21
16/05/2024,JUMBO,8.66,2,2,17.32
17/05/2024,PULLETS,5,0,0,0
17/05/2024,SMALL,6,93,93,558
17/05/2024,MEDIUM,7,194,194,1358
17/05/2024,LARGE,7.66,109,109,834.94
17/05/2024,X-LARGE,8.33,17,17,141.61
17/05/2024,JUMBO,8.66,3,3,25.98
18/05/2024,PULLETS,5,8,8,40
18/05/2024,SMALL,6,94,94,564
18/05/2024,MEDIUM,7,183,183,1281
18/05/2024,LARGE,7.66,111,111,850.26
18/05/2024,X-LARGE,8.33,27,27,224.91
18/05/2024,JUMBO,8.66,4,4,34.64
19/05/2024,PULLETS,5,8,8,40
19/05/2024,SMALL,6,117,117,702
19/05/2024,MEDIUM,7,191,191,1337
19/05/2024,LARGE,7.66,95,95,727.7
19/05/2024,X-LARGE,8.33,17,17,141.61
19/05/2024,JUMBO,8.66,3,3,25.98
20/05/2024,PULLETS,5,7,7,35
20/05/2024,SMALL,6,67,67,402
20/05/2024,MEDIUM,7,182,182,1274
20/05/2024,LARGE,7.66,135,135,1034.1
20/05/2024,X-LARGE,8.33,30,30,249.9
20/05/2024,JUMBO,8.66,2,2,17.32
21/05/2024,PULLETS,5,9,9,45
21/05/2024,SMALL,6,70,70,420
21/05/2024,MEDIUM,7,180,180,1260
21/05/2024,LARGE,7.66,124,124,949.84
21/05/2024,X-LARGE,8.33,30,30,249.9
21/05/2024,JUMBO,8.66,2,2,17.32
22/05/2024,PULLETS,5,8,8,40
22/05/2024,SMALL,6,70,70,420
22/05/2024,MEDIUM,7,211,211,1477
22/05/2024,LARGE,7.66,103,103,788.98
22/05/2024,X-LARGE,8.33,27,27,224.91
22/05/2024,JUMBO,8.66,1,1,8.66
23/05/2024,PULLETS,5,15,15,75
23/05/2024,SMALL,6,115,115,690
23/05/2024,MEDIUM,7,197,197,1379
23/05/2024,LARGE,7.66,74,74,566.84
23/05/2024,X-LARGE,8.33,22,22,183.26
23/05/2024,JUMBO,8.66,4,4,34.64
24/05/2024,PULLETS,5,16,16,80
24/05/2024,SMALL,6,107,107,642
24/05/2024,MEDIUM,7,183,183,1281
24/05/2024,LARGE,7.66,92,92,704.72
24/05/2024,X-LARGE,8.33,20,20,166.6
24/05/2024,JUMBO,8.66,0,0,0
25/05/2024,PULLETS,5,5,5,25
25/05/2024,SMALL,6,109,109,654
25/05/2024,MEDIUM,7,182,182,1274
25/05/2024,LARGE,7.66,102,102,781.32
25/05/2024,X-LARGE,8.33,24,24,199.92
25/05/2024,JUMBO,8.66,7,7,60.62
26/05/2024,PULLETS,5,6,6,30
26/05/2024,SMALL,6,104,104,624
26/05/2024,MEDIUM,7,182,182,1274
26/05/2024,LARGE,7.66,102,102,781.32
26/05/2024,X-LARGE,8.33,22,22,183.26
26/05/2024,JUMBO,8.66,2,2,17.32
27/05/2024,PULLETS,5,8,8,40
27/05/2024,SMALL,6,111,111,666
27/05/2024,MEDIUM,7,167,167,1169
27/05/2024,LARGE,7.66,110,110,842.6
27/05/2024,X-LARGE,8.33,21,21,174.93
27/05/2024,JUMBO,8.66,8,8,69.28
28/05/2024,PULLETS,5,14,14,70
28/05/2024,SMALL,6,79,79,474
28/05/2024,MEDIUM,7,192,192,1344
28/05/2024,LARGE,7.66,103,103,788.98
28/05/2024,X-LARGE,8.33,31,31,258.23
28/05/2024,JUMBO,8.66,7,7,60.62
29/05/2024,PULLETS,5,6,6,30
29/05/2024,SMALL,6,63,63,378
29/05/2024,MEDIUM,7,177,177,1239
29/05/2024,LARGE,7.66,137,137,1049.42
29/05/2024,X-LARGE,8.33,36,36,299.88
29/05/2024,JUMBO,8.66,10,10,86.6
30/05/2024,PULLETS,5,4,4,20
30/05/2024,SMALL,6,78,78,468
30/05/2024,MEDIUM,7,192,192,1344
30/05/2024,LARGE,7.66,116,116,888.56
30/05/2024,X-LARGE,8.33,26,26,216.58
30/05/2024,JUMBO,8.66,9,9,77.94
31/05/2024,PULLETS,5,6,6,30
31/05/2024,SMALL,6,91,91,546
31/05/2024,MEDIUM,7,197,197,1379
31/05/2024,LARGE,7.66,111,111,850.26
31/05/2024,X-LARGE,8.33,22,22,183.26
31/05/2024,JUMBO,8.66,5,5,43.3
01/06/2024,PULLETS,5,7,7,35
01/06/2024,SMALL,6,85,85,510
01/06/2024,MEDIUM,7,192,192,1344
01/06/2024,LARGE,7.66,120,120,919.2
01/06/2024,X-LARGE,8.33,17,17,141.61
01/06/2024,JUMBO,8.66,2,2,17.32
02/06/2024,PULLETS,5,7,7,35
02/06/2024,SMALL,6,79,79,474
02/06/2024,MEDIUM,7,171,171,1197
02/06/2024,LARGE,7.66,134,134,1026.44
02/06/2024,X-LARGE,8.33,30,30,249.9
02/06/2024,JUMBO,8.66,2,2,17.32
03/06/2024,PULLETS,5,7,7,35
03/06/2024,SMALL,6,91,91,546
03/06/2024,MEDIUM,7,186,186,1302
03/06/2024,LARGE,7.66,120,120,919.2
03/06/2024,X-LARGE,8.33,23,23,191.59
03/06/2024,JUMBO,8.66,3,3,25.98
04/06/2024,PULLETS,5,6,6,30
04/06/2024,SMALL,6,99,99,594
04/06/2024,MEDIUM,7,189,189,1323
04/06/2024,LARGE,7.66,121,121,926.86
04/06/2024,X-LARGE,8.33,13,13,108.29
04/06/2024,JUMBO,8.66,1,1,8.66
05/06/2024,PULLETS,5,5,5,25
05/06/2024,SMALL,6,43,43,258
05/06/2024,MEDIUM,7,138,138,966
05/06/2024,LARGE,7.66,169,169,1294.54
05/06/2024,X-LARGE,8.33,71,71,591.43
05/06/2024,JUMBO,8.66,8,8,69.28
06/06/2024,PULLETS,5,5,5,25
06/06/2024,SMALL,6,56,56,336
06/06/2024,MEDIUM,7,180,180,1260
06/06/2024,LARGE,7.66,139,139,1064.74
06/06/2024,X-LARGE,8.33,52,52,433.16
06/06/2024,JUMBO,8.66,4,4,34.64
07/06/2024,PULLETS,5,4,4,20
07/06/2024,SMALL,6,50,50,300
07/06/2024,MEDIUM,7,169,169,1183
07/06/2024,LARGE,7.66,130,130,995.8
07/06/2024,X-LARGE,8.33,65,65,541.45
07/06/2024,JUMBO,8.66,4,4,34.64
08/06/2024,PULLETS,5,5,5,25
08/06/2024,SMALL,6,50,50,300
08/06/2024,MEDIUM,7,154,154,1078
08/06/2024,LARGE,7.66,144,144,1103.04
08/06/2024,X-LARGE,8.33,71,71,591.43
08/06/2024,JUMBO,8.66,5,5,43.3
09/06/2024,PULLETS,5,5,5,25
09/06/2024,SMALL,6,60,60,360
09/06/2024,MEDIUM,7,172,172,1204
09/06/2024,LARGE,7.66,142,142,1087.72
09/06/2024,X-LARGE,8.33,55,55,458.15
09/06/2024,JUMBO,8.66,4,4,34.64
10/06/2024,PULLETS,5,4,4,20
10/06/2024,SMALL,6,31,31,186
10/06/2024,MEDIUM,7,162,162,1134
10/06/2024,LARGE,7.66,161,161,1233.26
10/06/2024,X-LARGE,8.33,66,66,549.78
10/06/2024,JUMBO,8.66,6,6,51.96
11/06/2024,PULLETS,5,2,2,10
11/06/2024,SMALL,6,54,54,324
11/06/2024,MEDIUM,7,160,160,1120
11/06/2024,LARGE,7.66,138,138,1057.08
11/06/2024,X-LARGE,8.33,58,58,483.14
11/06/2024,JUMBO,8.66,8,8,69.28
12/06/2024,PULLETS,5,4,4,20
12/06/2024,SMALL,6,40,40,240
12/06/2024,MEDIUM,7,159,159,1113
12/06/2024,LARGE,7.66,153,153,1171.98
12/06/2024,X-LARGE,8.33,57,57,474.81
12/06/2024,JUMBO,8.66,6,6,51.96
13/06/2024,PULLETS,5,2,2,10
13/06/2024,SMALL,6,45,45,270
13/06/2024,MEDIUM,7,144,144,1008
13/06/2024,LARGE,7.66,161,161,1233.26
13/06/2024,X-LARGE,8.33,62,62,516.46
13/06/2024,JUMBO,8.66,3,3,25.98
14/06/2024,PULLETS,5,3,3,15
14/06/2024,SMALL,6,40,40,240
14/06/2024,MEDIUM,7,177,177,1239
14/06/2024,LARGE,7.66,156,156,1194.96
14/06/2024,X-LARGE,8.33,46,46,383.18
14/06/2024,JUMBO,8.66,5,5,43.3
15/06/2024,PULLETS,5,1,1,5
15/06/2024,SMALL,6,51,51,306
15/06/2024,MEDIUM,7,148,148,1036
15/06/2024,LARGE,7.66,161,161,1233.26
15/06/2024,X-LARGE,8.33,63,63,524.79
15/06/2024,JUMBO,8.66,5,5,43.3
16/06/2024,PULLETS,5,5,5,25
16/06/2024,SMALL,6,75,75,450
16/06/2024,MEDIUM,7,175,175,1225
16/06/2024,LARGE,7.66,132,132,1011.12
16/06/2024,X-LARGE,8.33,36,36,299.88
16/06/2024,JUMBO,8.66,7,7,60.62
17/06/2024,PULLETS,5,2,2,10
17/06/2024,SMALL,6,39,39,234
17/06/2024,MEDIUM,7,145,145,1015
17/06/2024,LARGE,7.66,164,164,1256.24
17/06/2024,X-LARGE,8.33,63,63,524.79
17/06/2024,JUMBO,8.66,6,6,51.96
18/06/2024,PULLETS,5,2,2,10
18/06/2024,SMALL,6,43,43,258
18/06/2024,MEDIUM,7,158,158,1106
18/06/2024,LARGE,7.66,152,152,1164.32
18/06/2024,X-LARGE,8.33,64,64,533.12
18/06/2024,JUMBO,8.66,5,5,43.3
19/06/2024,PULLETS,5,0,0,0
19/06/2024,SMALL,6,90,90,540
19/06/2024,MEDIUM,7,187,187,1309
19/06/2024,LARGE,7.66,116,116,888.56
19/06/2024,X-LARGE,8.33,27,27,224.91
19/06/2024,JUMBO,8.66,3,3,25.98
20/06/2024,PULLETS,5,2,2,10
20/06/2024,SMALL,6,65,65,390
20/06/2024,MEDIUM,7,180,180,1260
20/06/2024,LARGE,7.66,140,140,1072.4
20/06/2024,X-LARGE,8.33,30,30,249.9
20/06/2024,JUMBO,8.66,5,5,43.3
21/06/2024,PULLETS,5,2,2,10
21/06/2024,SMALL,6,60,60,360
21/06/2024,MEDIUM,7,190,190,1330
21/06/2024,LARGE,7.66,130,130,995.8
21/06/2024,X-LARGE,8.33,48,48,399.84
21/06/2024,JUMBO,8.66,2,2,17.32
22/06/2024,PULLETS,5,2,2,10
22/06/2024,SMALL,6,51,51,306
22/06/2024,MEDIUM,7,191,191,1337
22/06/2024,LARGE,7.66,135,135,1034.1
22/06/2024,X-LARGE,8.33,48,48,399.84
22/06/2024,JUMBO,8.66,2,2,17.32
23/06/2024,PULLETS,5,0,0,0
23/06/2024,SMALL,6,91,91,546
23/06/2024,MEDIUM,7,185,185,1295
23/06/2024,LARGE,7.66,124,124,949.84
23/06/2024,X-LARGE,8.33,21,21,174.93
23/06/2024,JUMBO,8.66,3,3,25.98
24/06/2024,PULLETS,5,5,5,25
24/06/2024,SMALL,6,85,85,510
24/06/2024,MEDIUM,7,178,178,1246
24/06/2024,LARGE,7.66,120,120,919.2
24/06/2024,X-LARGE,8.33,32,32,266.56
24/06/2024,JUMBO,8.66,5,5,43.3
25/06/2024,PULLETS,5,2,2,10
25/06/2024,SMALL,6,58,58,348
25/06/2024,MEDIUM,7,167,167,1169
25/06/2024,LARGE,7.66,146,146,1118.36
25/06/2024,X-LARGE,8.33,45,45,374.85
25/06/2024,JUMBO,8.66,2,2,17.32
26/06/2024,PULLETS,5,4,4,20
26/06/2024,SMALL,6,79,79,474
26/06/2024,MEDIUM,7,178,178,1246
26/06/2024,LARGE,7.66,133,133,1018.78
26/06/2024,X-LARGE,8.33,25,25,208.25
26/06/2024,JUMBO,8.66,3,3,25.98
27/06/2024,PULLETS,5,2,2,10
27/06/2024,SMALL,6,60,60,360
27/06/2024,MEDIUM,7,169,169,1183
27/06/2024,LARGE,7.66,140,140,1072.4
27/06/2024,X-LARGE,8.33,46,46,383.18
27/06/2024,JUMBO,8.66,8,8,69.28
28/06/2024,PULLETS,5,1,1,5
28/06/2024,SMALL,6,75,75,450
28/06/2024,MEDIUM,7,192,192,1344
28/06/2024,LARGE,7.66,122,122,934.52
28/06/2024,X-LARGE,8.33,36,36,299.88
28/06/2024,JUMBO,8.66,5,5,43.3
29/06/2024,PULLETS,5,4,4,20
29/06/2024,SMALL,6,77,77,462
29/06/2024,MEDIUM,7,182,182,1274
29/06/2024,LARGE,7.66,119,119,911.54
29/06/2024,X-LARGE,8.33,35,35,291.55
29/06/2024,JUMBO,8.66,4,4,34.64
30/06/2024,PULLETS,5,2,2,10
30/06/2024,SMALL,6,76,76,456
30/06/2024,MEDIUM,7,181,181,1267
30/06/2024,LARGE,7.66,127,127,972.82
30/06/2024,X-LARGE,8.33,34,34,283.22
30/06/2024,JUMBO,8.66,5,5,43.3
01/07/2024,PULLETS,5,3,3,15
01/07/2024,SMALL,6,75,75,450
01/07/2024,MEDIUM,7,197,197,1379
01/07/2024,LARGE,7.66,128,128,980.48
01/07/2024,X-LARGE,8.33,22,22,183.26
01/07/2024,JUMBO,8.66,3,3,25.98
02/07/2024,PULLETS,5,4,4,20
02/07/2024,SMALL,6,72,72,432
02/07/2024,MEDIUM,7,177,177,1239
02/07/2024,LARGE,7.66,137,137,1049.42
02/07/2024,X-LARGE,8.33,24,24,199.92
02/07/2024,JUMBO,8.66,5,5,43.3
03/07/2024,PULLETS,5,6,6,30
03/07/2024,SMALL,6,72,72,432
03/07/2024,MEDIUM,7,174,174,1218
03/07/2024,LARGE,7.66,132,132,1011.12
03/07/2024,X-LARGE,8.33,38,38,316.54
03/07/2024,JUMBO,8.66,4,4,34.64
04/07/2024,PULLETS,5,4,4,20
04/07/2024,SMALL,6,73,73,438
04/07/2024,MEDIUM,7,173,173,1211
04/07/2024,LARGE,7.66,137,137,1049.42
04/07/2024,X-LARGE,8.33,30,30,249.9
04/07/2024,JUMBO,8.66,3,3,25.98
05/07/2024,PULLETS,5,4,4,20
05/07/2024,SMALL,6,62,62,372
05/07/2024,MEDIUM,7,180,180,1260
05/07/2024,LARGE,7.66,136,136,1041.76
05/07/2024,X-LARGE,8.33,29,29,241.57
05/07/2024,JUMBO,8.66,4,4,34.64
06/07/2024,PULLETS,5,2,2,10
06/07/2024,SMALL,6,65,65,390
06/07/2024,MEDIUM,7,197,197,1379
06/07/2024,LARGE,7.66,125,125,957.5
06/07/2024,X-LARGE,8.33,27,27,224.91
06/07/2024,JUMBO,8.66,1,1,8.66
07/07/2024,PULLETS,5,5,5,25
07/07/2024,SMALL,6,81,81,486
07/07/2024,MEDIUM,7,172,172,1204
07/07/2024,LARGE,7.66,134,134,1026.44
07/07/2024,X-LARGE,8.33,24,24,199.92
07/07/2024,JUMBO,8.66,5,5,43.3
08/07/2024,PULLETS,5,3,3,15
08/07/2024,SMALL,6,68,68,408
08/07/2024,MEDIUM,7,174,174,1218
08/07/2024,LARGE,7.66,135,135,1034.1
08/07/2024,X-LARGE,8.33,30,30,249.9
08/07/2024,JUMBO,8.66,2,2,17.32
09/07/2024,PULLETS,5,3,3,15
09/07/2024,SMALL,6,57,57,342
09/07/2024,MEDIUM,7,173,173,1211
09/07/2024,LARGE,7.66,146,146,1118.36
09/07/2024,X-LARGE,8.33,35,35,291.55
09/07/2024,JUMBO,8.66,2,2,17.32
10/07/2024,PULLETS,5,3,3,15
10/07/2024,SMALL,6,86,86,516
10/07/2024,MEDIUM,7,171,171,1197
10/07/2024,LARGE,7.66,125,125,957.5
10/07/2024,X-LARGE,8.33,28,28,233.24
10/07/2024,JUMBO,8.66,2,2,17.32
11/07/2024,PULLETS,5,4,4,20
11/07/2024,SMALL,6,64,64,384
11/07/2024,MEDIUM,7,186,186,1302
11/07/2024,LARGE,7.66,122,122,934.52
11/07/2024,X-LARGE,8.33,34,34,283.22
11/07/2024,JUMBO,8.66,2,2,17.32
12/07/2024,PULLETS,5,1,1,5
12/07/2024,SMALL,6,38,38,228
12/07/2024,MEDIUM,7,166,166,1162
12/07/2024,LARGE,7.66,142,142,1087.72
12/07/2024,X-LARGE,8.33,58,58,483.14
12/07/2024,JUMBO,8.66,8,8,69.28
13/07/2024,PULLETS,5,3,3,15
13/07/2024,SMALL,6,71,71,426
13/07/2024,MEDIUM,7,182,182,1274
13/07/2024,LARGE,7.66,122,122,934.52
13/07/2024,X-LARGE,8.33,36,36,299.88
13/07/2024,JUMBO,8.66,4,4,34.64
14/07/2024,PULLETS,5,2,2,10
14/07/2024,SMALL,6,49,49,294
14/07/2024,MEDIUM,7,153,153,1071
14/07/2024,LARGE,7.66,137,137,1049.42
14/07/2024,X-LARGE,8.33,63,63,524.79
14/07/2024,JUMBO,8.66,5,5,43.3
15/07/2024,PULLETS,5,0,0,0
15/07/2024,SMALL,6,36,36,216
15/07/2024,MEDIUM,7,148,148,1036
15/07/2024,LARGE,7.66,167,167,1279.22
15/07/2024,X-LARGE,8.33,45,45,374.85
15/07/2024,JUMBO,8.66,10,10,86.6
16/07/2024,PULLETS,5,3,3,15
16/07/2024,SMALL,6,60,60,360
16/07/2024,MEDIUM,7,184,184,1288
16/07/2024,LARGE,7.66,112,112,857.92
16/07/2024,X-LARGE,8.33,43,43,358.19
16/07/2024,JUMBO,8.66,5,5,43.3
17/07/2024,PULLETS,5,3,3,15
17/07/2024,SMALL,6,70,70,420
17/07/2024,MEDIUM,7,157,157,1099
17/07/2024,LARGE,7.66,123,123,942.18
17/07/2024,X-LARGE,8.33,60,60,499.8
17/07/2024,JUMBO,8.66,5,5,43.3
18/07/2024,PULLETS,5,3,3,15
18/07/2024,SMALL,6,60,60,360
18/07/2024,MEDIUM,7,148,148,1036
18/07/2024,LARGE,7.66,142,142,1087.72
18/07/2024,X-LARGE,8.33,55,55,458.15
18/07/2024,JUMBO,8.66,2,2,17.32
19/07/2024,PULLETS,5,3,3,15
19/07/2024,SMALL,6,76,76,456
19/07/2024,MEDIUM,7,157,157,1099
19/07/2024,LARGE,7.66,132,132,1011.12
19/07/2024,X-LARGE,8.33,42,42,349.86
19/07/2024,JUMBO,8.66,3,3,25.98
20/07/2024,PULLETS,5,9,9,45
20/07/2024,SMALL,6,75,75,450
20/07/2024,MEDIUM,7,166,166,1162
20/07/2024,LARGE,7.66,37,131,1003.46
20/07/2024,X-LARGE,8.33,6,37,308.21
20/07/2024,JUMBO,8.66,3,6,51.96
21/07/2024,PULLETS,5,5,5,25
21/07/2024,SMALL,6,82,82,492
21/07/2024,MEDIUM,7,166,166,1162
21/07/2024,LARGE,7.66,125,125,957.5
21/07/2024,X-LARGE,8.33,36,36,299.88
21/07/2024,JUMBO,8.66,1,1,8.66
22/07/2024,PULLETS,5,5,5,25
22/07/2024,SMALL,6,102,102,612
22/07/2024,MEDIUM,7,163,163,1141
22/07/2024,LARGE,7.66,106,106,811.96
22/07/2024,X-LARGE,8.33,36,36,299.88
22/07/2024,JUMBO,8.66,4,4,34.64
23/07/2024,PULLETS,5,4,4,20
23/07/2024,SMALL,6,99,99,594
23/07/2024,MEDIUM,7,175,175,1225
23/07/2024,LARGE,7.66,113,113,865.58
23/07/2024,X-LARGE,8.33,29,29,241.57
23/07/2024,JUMBO,8.66,2,2,17.32
24/07/2024,PULLETS,5,1,1,5
24/07/2024,SMALL,6,85,85,510
24/07/2024,MEDIUM,7,171,171,1197
24/07/2024,LARGE,7.66,123,123,942.18
24/07/2024,X-LARGE,8.33,31,31,258.23
24/07/2024,JUMBO,8.66,6,6,51.96
25/07/2024,PULLETS,5,6,6,30
25/07/2024,SMALL,6,65,65,390
25/07/2024,MEDIUM,7,172,172,1204
25/07/2024,LARGE,7.66,125,125,957.5
25/07/2024,X-LARGE,8.33,46,46,383.18
25/07/2024,JUMBO,8.66,2,2,17.32
26/07/2024,PULLETS,5,0,0,0
26/07/2024,SMALL,6,61,61,366
26/07/2024,MEDIUM,7,170,170,1190
26/07/2024,LARGE,7.66,128,128,980.48
26/07/2024,X-LARGE,8.33,42,42,349.86
26/07/2024,JUMBO,8.66,0,0,0
27/07/2024,PULLETS,5,5,5,25
27/07/2024,SMALL,6,66,66,396
27/07/2024,MEDIUM,7,164,164,1148
27/07/2024,LARGE,7.66,136,136,1041.76
27/07/2024,X-LARGE,8.33,36,36,299.88
27/07/2024,JUMBO,8.66,6,6,51.96
28/07/2024,PULLETS,5,7,7,35
28/07/2024,SMALL,6,64,64,384
28/07/2024,MEDIUM,7,164,164,1148
28/07/2024,LARGE,7.66,137,137,1049.42
28/07/2024,X-LARGE,8.33,35,35,291.55
28/07/2024,JUMBO,8.66,4,4,34.64
29/07/2024,PULLETS,5,6,6,30
29/07/2024,SMALL,6,62,62,372
29/07/2024,MEDIUM,7,182,182,1274
29/07/2024,LARGE,7.66,142,142,1087.72
29/07/2024,X-LARGE,8.33,27,27,224.91
29/07/2024,JUMBO,8.66,4,4,34.64
30/07/2024,PULLETS,5,5,5,25
30/07/2024,SMALL,6,62,62,372
30/07/2024,MEDIUM,7,178,178,1246
30/07/2024,LARGE,7.66,131,131,1003.46
30/07/2024,X-LARGE,8.33,36,36,299.88
30/07/2024,JUMBO,8.66,4,4,34.64
31/07/2024,PULLETS,5,2,2,10
31/07/2024,SMALL,6,43,43,258
31/07/2024,MEDIUM,7,160,160,1120
31/07/2024,LARGE,7.66,156,156,1194.96
31/07/2024,X-LARGE,8.33,51,51,424.83
31/07/2024,JUMBO,8.66,4,4,34.64
01/08/2024,PULLETS,5,1,1,5
01/08/2024,SMALL,6,52,52,312
01/08/2024,MEDIUM,7,170,170,1190
01/08/2024,LARGE,7.33,157,157,1150.81
01/08/2024,X-LARGE,8.33,36,36,299.88
01/08/2024,JUMBO,8.66,3,3,25.98
02/08/2024,PULLETS,5,2,2,10
02/08/2024,SMALL,6,54,54,324
02/08/2024,MEDIUM,7,170,170,1190
02/08/2024,LARGE,7.33,146,146,1070.18
02/08/2024,X-LARGE,8.33,31,31,258.23
02/08/2024,JUMBO,8.66,5,5,43.3
03/08/2024,PULLETS,5,3,3,15
03/08/2024,SMALL,6,52,52,312
03/08/2024,MEDIUM,7,174,174,1218
03/08/2024,LARGE,7.33,145,145,1062.85
03/08/2024,X-LARGE,8.33,41,41,341.53
03/08/2024,JUMBO,8.66,3,3,25.98
04/08/2024,PULLETS,5,1,1,5
04/08/2024,SMALL,6,41,41,246
04/08/2024,MEDIUM,7,177,177,1239
04/08/2024,LARGE,7.33,148,148,1084.84
04/08/2024,X-LARGE,8.33,37,37,308.21
04/08/2024,JUMBO,8.66,4,4,34.64
05/08/2024,PULLETS,5,2,2,10
05/08/2024,SMALL,6,49,49,294
05/08/2024,MEDIUM,7,178,178,1246
05/08/2024,LARGE,7.33,155,155,1136.15
05/08/2024,X-LARGE,8.33,35,35,291.55
05/08/2024,JUMBO,8.66,5,5,43.3
06/08/2024,PULLETS,5,5,5,25
06/08/2024,SMALL,6,65,65,390
06/08/2024,MEDIUM,7,181,181,1267
06/08/2024,LARGE,7.33,131,131,960.23
06/08/2024,X-LARGE,8.33,25,25,208.25
06/08/2024,JUMBO,8.66,5,5,43.3
07/08/2024,PULLETS,5,4,4,20
07/08/2024,SMALL,6,50,50,300
07/08/2024,MEDIUM,7,179,179,1253
07/08/2024,LARGE,7.33,146,146,1070.18
07/08/2024,X-LARGE,8.33,30,30,249.9
07/08/2024,JUMBO,8.66,2,2,17.32
08/08/2024,PULLETS,5,4,4,20
08/08/2024,SMALL,6,83,83,498
08/08/2024,MEDIUM,7,167,167,1169
08/08/2024,LARGE,7.33,125,125,916.25
08/08/2024,X-LARGE,8.33,26,26,216.58
08/08/2024,JUMBO,8.66,1,1,8.66
09/08/2024,PULLETS,5,7,7,35
09/08/2024,SMALL,6,56,56,336
09/08/2024,MEDIUM,7,163,163,1141
09/08/2024,LARGE,7.33,141,141,1033.53
09/08/2024,X-LARGE,8.33,40,40,333.2
09/08/2024,JUMBO,8.66,5,5,43.3
10/08/2024,PULLETS,5,1,1,5
10/08/2024,SMALL,6,50,50,300
10/08/2024,MEDIUM,7,168,168,1176
10/08/2024,LARGE,7.33,138,138,1011.54
10/08/2024,X-LARGE,8.33,43,43,358.19
10/08/2024,JUMBO,8.66,3,3,25.98
11/08/2024,PULLETS,5,2,2,10
11/08/2024,SMALL,6,52,52,312
11/08/2024,MEDIUM,7,172,172,1204
11/08/2024,LARGE,7.33,127,127,930.91
11/08/2024,X-LARGE,8.33,42,42,349.86
11/08/2024,JUMBO,8.66,6,6,51.96
12/08/2024,PULLETS,5,3,3,15
12/08/2024,SMALL,6,48,48,288
12/08/2024,MEDIUM,7,169,169,1183
12/08/2024,LARGE,7.33,133,133,974.89
12/08/2024,X-LARGE,8.33,38,38,316.54
12/08/2024,JUMBO,8.66,4,4,34.64
13/08/2024,PULLETS,5,3,3,15
13/08/2024,SMALL,6,58,58,348
13/08/2024,MEDIUM,7,165,165,1155
13/08/2024,LARGE,7.33,135,135,989.55
13/08/2024,X-LARGE,8.33,46,46,383.18
13/08/2024,JUMBO,8.66,3,3,25.98
14/08/2024,PULLETS,5,2,2,10
14/08/2024,SMALL,6,54,54,324
14/08/2024,MEDIUM,7,158,158,1106
14/08/2024,LARGE,7.33,146,146,1070.18
14/08/2024,X-LARGE,8.33,47,47,391.51
14/08/2024,JUMBO,8.66,5,5,43.3
15/08/2024,PULLETS,5,0,0,0
15/08/2024,SMALL,6,57,57,342
15/08/2024,MEDIUM,7,168,168,1176
15/08/2024,LARGE,7.33,147,147,1077.51
15/08/2024,X-LARGE,8.33,30,30,249.9
15/08/2024,JUMBO,8.66,3,3,25.98
16/08/2024,PULLETS,5,1,1,5
16/08/2024,SMALL,6,62,62,372
16/08/2024,MEDIUM,7,174,174,1218
16/08/2024,LARGE,7.33,126,126,923.58
16/08/2024,X-LARGE,8.33,39,39,324.87
16/08/2024,JUMBO,8.66,3,3,25.98
17/08/2024,PULLETS,5,2,2,10
17/08/2024,SMALL,6,46,46,276
17/08/2024,MEDIUM,7,166,166,1162
17/08/2024,LARGE,7.33,151,151,1106.83
17/08/2024,X-LARGE,8.33,44,44,366.52
17/08/2024,JUMBO,8.66,1,1,8.66
18/08/2024,PULLETS,5,3,3,15
18/08/2024,SMALL,6,55,55,330
18/08/2024,MEDIUM,7,165,165,1155
18/08/2024,LARGE,7.33,143,143,1048.19
18/08/2024,X-LARGE,8.33,38,38,316.54
18/08/2024,JUMBO,8.66,4,4,34.64
19/08/2024,PULLETS,5,3,3,15
19/08/2024,SMALL,6,41,41,246
19/08/2024,MEDIUM,7,173,173,1211
19/08/2024,LARGE,7.33,135,135,989.55
19/08/2024,X-LARGE,8.33,47,47,391.51
19/08/2024,JUMBO,8.66,4,4,34.64
20/08/2024,PULLETS,5,1,1,5
20/08/2024,SMALL,6,49,49,294
20/08/2024,MEDIUM,7,179,179,1253
20/08/2024,LARGE,7.33,127,127,930.91
20/08/2024,X-LARGE,8.33,45,45,374.85
20/08/2024,JUMBO,8.66,4,4,34.64
21/08/2024,PULLETS,5,8,8,40
21/08/2024,SMALL,6,96,96,576
21/08/2024,MEDIUM,7,187,187,1309
21/08/2024,LARGE,7.33,93,93,681.69
21/08/2024,X-LARGE,8.33,28,28,233.24
21/08/2024,JUMBO,8.66,2,2,17.32
22/08/2024,PULLETS,5,4,4,20
22/08/2024,SMALL,6,88,88,528
22/08/2024,MEDIUM,7,189,189,1323
22/08/2024,LARGE,7.33,101,101,740.33
22/08/2024,X-LARGE,8.33,29,29,241.57
22/08/2024,JUMBO,8.66,0,0,
23/08/2024,PULLETS,5,7,7,35
23/08/2024,SMALL,6,65,65,390
23/08/2024,MEDIUM,7,187,187,1309
23/08/2024,LARGE,7.33,104,104,762.32
23/08/2024,X-LARGE,8.33,35,35,291.55
23/08/2024,JUMBO,8.66,1,1,8.66
24/08/2024,PULLETS,5,6,6,30
24/08/2024,SMALL,6,80,80,480
24/08/2024,MEDIUM,7,181,181,1267
24/08/2024,LARGE,7.33,113,113,828.29
24/08/2024,X-LARGE,8.33,27,27,224.91
24/08/2024,JUMBO,8.66,2,2,17.32
25/08/2024,PULLETS,5,8,8,40
25/08/2024,SMALL,6,91,91,546
25/08/2024,MEDIUM,7,163,163,1141
25/08/2024,LARGE,7.33,112,112,820.96
25/08/2024,X-LARGE,8.33,27,27,224.91
25/08/2024,JUMBO,8.66,2,2,17.32
26/08/2024,PULLETS,5,5,5,25
26/08/2024,SMALL,6,82,82,492
26/08/2024,MEDIUM,7,177,177,1239
26/08/2024,LARGE,7.33,107,107,784.31
26/08/2024,X-LARGE,8.33,21,21,174.93
26/08/2024,JUMBO,8.66,2,2,17.32
27/08/2024,PULLETS,5,7,7,35
27/08/2024,SMALL,6,74,74,444
27/08/2024,MEDIUM,7,182,182,1274
27/08/2024,LARGE,7.33,110,110,806.3
27/08/2024,X-LARGE,8.33,22,22,183.26
27/08/2024,JUMBO,8.66,1,1,8.66
28/08/2024,PULLETS,5,5,5,25
28/08/2024,SMALL,6,56,56,336
28/08/2024,MEDIUM,7,161,161,1127
28/08/2024,LARGE,7.33,137,137,1004.21
28/08/2024,X-LARGE,8.33,36,36,299.88
28/08/2024,JUMBO,8.66,1,1,8.66
29/08/2024,PULLETS,5,3,3,15
29/08/2024,SMALL,6,60,60,360
29/08/2024,MEDIUM,7,155,155,1085
29/08/2024,LARGE,7.33,125,125,916.25
29/08/2024,X-LARGE,8.33,30,30,249.9
29/08/2024,JUMBO,8.66,2,2,17.32
30/08/2024,PULLETS,5,8,8,40
30/08/2024,SMALL,6,61,61,366
30/08/2024,MEDIUM,7,174,174,1218
30/08/2024,LARGE,7.33,121,121,886.93
30/08/2024,X-LARGE,8.33,32,32,266.56
30/08/2024,JUMBO,8.66,5,5,43.3
31/08/2024,PULLETS,5,5,5,25
31/08/2024,SMALL,6,61,61,366
31/08/2024,MEDIUM,7,163,163,1141
31/08/2024,LARGE,7.33,117,117,857.61
31/08/2024,X-LARGE,8.33,46,46,383.18
31/08/2024,JUMBO,8.66,3,3,25.98
01/09/2024,PULLETS,5,0,0,0
01/09/2024,SMALL,6.67,45,45,300.15
01/09/2024,MEDIUM,7.33,167,167,1224.11
01/09/2024,LARGE,8,130,130,1040
01/09/2024,X-LARGE,8.67,50,50,433.5
01/09/2024,JUMBO,9,6,6,54
02/09/2024,PULLETS,5,5,5,25
02/09/2024,SMALL,6.67,39,39,260.13
02/09/2024,MEDIUM,7.33,159,159,1165.47
02/09/2024,LARGE,8,150,150,1200
02/09/2024,X-LARGE,8.67,44,44,381.48
02/09/2024,JUMBO,9,6,6,54
03/09/2024,PULLETS,5,1,1,5
03/09/2024,SMALL,6.67,51,51,340.17
03/09/2024,MEDIUM,7.33,165,165,1209.45
03/09/2024,LARGE,8,130,130,1040
03/09/2024,X-LARGE,8.67,43,43,372.81
03/09/2024,JUMBO,9,8,8,72
04/09/2024,PULLETS,5,5,5,25
04/09/2024,SMALL,6.67,47,47,313.49
04/09/2024,MEDIUM,7.33,174,174,1275.42
04/09/2024,LARGE,8,127,127,1016
04/09/2024,X-LARGE,8.67,42,42,364.14
04/09/2024,JUMBO,9,7,7,63
05/09/2024,PULLETS,5,7,7,35
05/09/2024,SMALL,6.67,40,40,266.8
05/09/2024,MEDIUM,7.33,173,173,1268.09
05/09/2024,LARGE,8,122,122,976
05/09/2024,X-LARGE,8.67,48,48,416.16
05/09/2024,JUMBO,9,5,5,45
06/09/2024,PULLETS,5,4,4,20
06/09/2024,SMALL,6.67,34,34,226.78
06/09/2024,MEDIUM,7.33,167,167,1224.11
06/09/2024,LARGE,8,136,136,1088
06/09/2024,X-LARGE,8.67,48,48,416.16
06/09/2024,JUMBO,9,6,6,54
07/09/2024,PULLETS,5,1,1,5
07/09/2024,SMALL,6.67,42,42,280.14
07/09/2024,MEDIUM,7.33,169,169,1238.77
07/09/2024,LARGE,8,125,125,1000
07/09/2024,X-LARGE,8.67,47,47,407.49
07/09/2024,JUMBO,9,9,9,81
08/09/2024,PULLETS,5,3,3,15
08/09/2024,SMALL,6.67,37,37,246.79
08/09/2024,MEDIUM,7.33,150,150,1099.5
08/09/2024,LARGE,8,138,138,1104
08/09/2024,X-LARGE,8.67,50,50,433.5
08/09/2024,JUMBO,9,7,7,63
09/09/2024,PULLETS,5,2,2,10
09/09/2024,SMALL,6.67,44,44,293.48
09/09/2024,MEDIUM,7.33,129,129,945.57
09/09/2024,LARGE,8,151,151,1208
09/09/2024,X-LARGE,8.67,56,56,485.52
09/09/2024,JUMBO,9,9,9,81
10/09/2024,PULLETS,5,1,1,5
10/09/2024,SMALL,6.67,40,40,266.8
10/09/2024,MEDIUM,7.33,107,107,784.31
10/09/2024,LARGE,8,156,156,1248
10/09/2024,X-LARGE,8.67,62,62,537.54
10/09/2024,JUMBO,9,11,11,99
11/09/2024,PULLETS,5,0,0,0
11/09/2024,SMALL,6.67,34,34,226.78
11/09/2024,MEDIUM,7.33,140,140,1026.2
11/09/2024,LARGE,8,142,142,1136
11/09/2024,X-LARGE,8.67,65,65,563.55
11/09/2024,JUMBO,9,10,10,90
12/09/2024,PULLETS,5,1,1,5
12/09/2024,SMALL,6.67,25,25,166.75
12/09/2024,MEDIUM,7.33,123,123,901.59
12/09/2024,LARGE,8,147,147,1176
12/09/2024,X-LARGE,8.67,69,69,598.23
12/09/2024,JUMBO,9,9,9,81
13/09/2024,PULLETS,5,1,1,5
13/09/2024,SMALL,6.67,27,27,180.09
13/09/2024,MEDIUM,7.33,108,108,791.64
13/09/2024,LARGE,8,172,172,1376
13/09/2024,X-LARGE,8.67,60,60,520.2
13/09/2024,JUMBO,9,15,15,135
14/09/2024,PULLETS,5,1,1,5
14/09/2024,SMALL,6.67,24,24,160.08
14/09/2024,MEDIUM,7.33,121,121,886.93
14/09/2024,LARGE,8,160,160,1280
14/09/2024,X-LARGE,8.67,51,51,442.17
14/09/2024,JUMBO,9,20,20,180
15/09/2024,PULLETS,5,0,0,0
15/09/2024,SMALL,6.67,15,15,100.05
15/09/2024,MEDIUM,7.33,111,111,813.63
15/09/2024,LARGE,8,170,170,1360
15/09/2024,X-LARGE,8.67,76,76,658.92
15/09/2024,JUMBO,9,14,14,126
16/09/2024,PULLETS,5,1,1,5
16/09/2024,SMALL,6.67,35,35,233.45
16/09/2024,MEDIUM,7.33,131,131,960.23
16/09/2024,LARGE,8,133,133,1064
16/09/2024,X-LARGE,8.67,76,76,658.92
16/09/2024,JUMBO,9,12,12,108
17/09/2024,PULLETS,5,0,0,0
17/09/2024,SMALL,6.67,19,19,126.73
17/09/2024,MEDIUM,7.33,115,115,842.95
17/09/2024,LARGE,8,149,149,1192
17/09/2024,X-LARGE,8.67,80,80,693.6
17/09/2024,JUMBO,9,13,13,117
18/09/2024,PULLETS,5,2,2,10
18/09/2024,SMALL,6.67,21,21,140.07
18/09/2024,MEDIUM,7.33,98,98,718.34
18/09/2024,LARGE,8,154,154,1232
18/09/2024,X-LARGE,8.67,79,79,684.93
18/09/2024,JUMBO,9,17,17,153
19/09/2024,PULLETS,5,0,0,0
19/09/2024,SMALL,6.67,21,21,140.07
19/09/2024,MEDIUM,7.33,111,111,813.63
19/09/2024,LARGE,8,150,150,1200
19/09/2024,X-LARGE,8.67,70,70,606.9
19/09/2024,JUMBO,9,20,20,180
20/09/2024,PULLETS,5,0,0,0
20/09/2024,SMALL,6.67,30,30,200.1
20/09/2024,MEDIUM,7.33,113,113,828.29
20/09/2024,LARGE,8,143,143,1144
20/09/2024,X-LARGE,8.67,76,76,658.92
20/09/2024,JUMBO,9,9,9,81
21/09/2024,PULLETS,5,0,0,0
21/09/2024,SMALL,6.67,31,31,206.77
21/09/2024,MEDIUM,7.33,114,114,835.62
21/09/2024,LARGE,8,148,148,1184
21/09/2024,X-LARGE,8.67,70,70,606.9
21/09/2024,JUMBO,9,8,8,72
22/09/2024,PULLETS,5,0,0,0
22/09/2024,SMALL,6.67,33,33,220.11
22/09/2024,MEDIUM,7.33,128,128,938.24
22/09/2024,LARGE,8,139,139,1112
22/09/2024,X-LARGE,8.67,62,62,537.54
22/09/2024,JUMBO,9,11,11,99
23/09/2024,PULLETS,5,0,0,0
23/09/2024,SMALL,6.67,28,28,186.76
23/09/2024,MEDIUM,7.33,101,101,740.33
23/09/2024,LARGE,8,149,149,1192
23/09/2024,X-LARGE,8.67,65,65,563.55
23/09/2024,JUMBO,9,13,13,117
24/09/2024,PULLETS,5,1,1,5
24/09/2024,SMALL,6.67,28,28,186.76
24/09/2024,MEDIUM,7.33,118,118,864.94
24/09/2024,LARGE,8,133,133,1064
24/09/2024,X-LARGE,8.67,75,75,650.25
24/09/2024,JUMBO,9,14,14,126
25/09/2024,PULLETS,5,2,2,10
25/09/2024,SMALL,6.67,36,36,240.12
25/09/2024,MEDIUM,7.33,96,96,703.68
25/09/2024,LARGE,8,149,149,1192
25/09/2024,X-LARGE,8.67,62,62,537.54
25/09/2024,JUMBO,9,16,16,144
26/09/2024,PULLETS,5,2,2,10
26/09/2024,SMALL,6.67,35,35,233.45
26/09/2024,MEDIUM,7.33,120,120,879.6
26/09/2024,LARGE,8,121,121,968
26/09/2024,X-LARGE,8.67,57,57,494.19
26/09/2024,JUMBO,9,14,14,126
27/09/2024,PULLETS,5,0,0,0
27/09/2024,SMALL,6.67,23,23,153.41
27/09/2024,MEDIUM,7.33,100,100,733
27/09/2024,LARGE,8,128,128,1024
27/09/2024,X-LARGE,8.67,69,69,598.23
27/09/2024,JUMBO,9,13,13,117
28/09/2024,PULLETS,5,1,1,5
28/09/2024,SMALL,6.67,30,30,200.1
28/09/2024,MEDIUM,7.33,99,99,725.67
28/09/2024,LARGE,8,120,120,960
28/09/2024,X-LARGE,8.67,65,65,563.55
28/09/2024,JUMBO,9,12,12,108
29/09/2024,PULLETS,5,2,2,10
29/09/2024,SMALL,6.67,23,23,153.41
29/09/2024,MEDIUM,7.33,107,107,784.31
29/09/2024,LARGE,8,133,133,1064
29/09/2024,X-LARGE,8.67,61,61,528.87
29/09/2024,JUMBO,9,10,10,90
30/09/2024,PULLETS,5,1,1,5
30/09/2024,SMALL,6.67,30,30,200.1
30/09/2024,MEDIUM,7.33,92,92,674.36
30/09/2024,LARGE,8,129,129,1032
30/09/2024,X-LARGE,8.67,75,75,650.25
30/09/2024,JUMBO,9,13,13,117
01/10/2024,PEWEE,5,1,1,5
01/10/2024,SMALL,7,16,16,112
01/10/2024,MEDIUM,7.67,85,85,651.95
01/10/2024,LARGE,8,146,146,1168
01/10/2024,X-LARGE,8.67,79,79,684.93
01/10/2024,JUMBO,9.33,15,15,139.95
02/10/2024,PEWEE,5,4,4,20
02/10/2024,SMALL,7,34,34,238
02/10/2024,MEDIUM,7.67,111,111,851.37
02/10/2024,LARGE,8,139,139,1112
02/10/2024,X-LARGE,8.67,48,48,416.16
02/10/2024,JUMBO,9.33,7,7,65.31
03/10/2024,PEWEE,5,1,1,5
03/10/2024,SMALL,7,32,32,224
03/10/2024,MEDIUM,7.67,113,113,866.71
03/10/2024,LARGE,8,135,135,1080
03/10/2024,X-LARGE,8.67,38,38,329.46
03/10/2024,JUMBO,9.33,7,7,65.31
04/10/2024,PEWEE,5,1,1,5
04/10/2024,SMALL,7,19,19,133
04/10/2024,MEDIUM,7.67,93,93,713.31
04/10/2024,LARGE,8,108,108,864
04/10/2024,X-LARGE,8.67,44,44,381.48
04/10/2024,JUMBO,9.33,7,7,65.31
05/10/2024,PEWEE,5,1,1,5
05/10/2024,SMALL,7,27,27,189
05/10/2024,MEDIUM,7.67,114,114,874.38
05/10/2024,LARGE,8,129,129,1032
05/10/2024,X-LARGE,8.67,78,78,676.26
05/10/2024,JUMBO,9.33,15,15,139.95
06/10/2024,PEWEE,5,0,0,0
06/10/2024,SMALL,7,27,27,189
06/10/2024,MEDIUM,7.67,80,80,613.6
06/10/2024,LARGE,8,132,132,1056
06/10/2024,X-LARGE,8.67,56,56,485.52
06/10/2024,JUMBO,9.33,12,12,111.96
07/10/2024,PEWEE,5,2,2,10
07/10/2024,SMALL,7,30,30,210
07/10/2024,MEDIUM,7.67,81,81,621.27
07/10/2024,LARGE,8,119,119,952
07/10/2024,X-LARGE,8.67,63,63,546.21
07/10/2024,JUMBO,9.33,10,10,93.3
08/10/2024,PEWEE,5,1,1,5
08/10/2024,SMALL,7,27,27,189
08/10/2024,MEDIUM,7.67,84,84,644.28
08/10/2024,LARGE,8,129,129,1032
08/10/2024,X-LARGE,8.67,49,49,424.83
08/10/2024,JUMBO,9.33,16,16,149.28
09/10/2024,PEWEE,5,2,2,10
09/10/2024,SMALL,7,24,24,168
09/10/2024,MEDIUM,7.67,74,74,567.58
09/10/2024,LARGE,8,112,112,896
09/10/2024,X-LARGE,8.67,59,59,511.53
09/10/2024,JUMBO,9.33,11,11,102.63
10/10/2024,PEWEE,5,3,3,15
10/10/2024,SMALL,7,23,23,161
10/10/2024,MEDIUM,7.67,81,81,621.27
10/10/2024,LARGE,8,116,116,928
10/10/2024,X-LARGE,8.67,55,55,476.85
10/10/2024,JUMBO,9.33,20,20,186.6
11/10/2024,PEWEE,5,3,3,15
11/10/2024,SMALL,7,20,20,140
11/10/2024,MEDIUM,7.67,102,102,782.34
11/10/2024,LARGE,8,132,132,1056
11/10/2024,X-LARGE,8.67,62,62,537.54
11/10/2024,JUMBO,9.33,9,9,83.97
12/10/2024,PEWEE,5,4,4,20
12/10/2024,SMALL,7,8,8,56
12/10/2024,MEDIUM,7.67,99,99,759.33
12/10/2024,LARGE,8,115,115,920
12/10/2024,X-LARGE,8.67,63,63,546.21
12/10/2024,JUMBO,9.33,10,10,93.3
13/10/2024,PEWEE,5,2,2,10
13/10/2024,SMALL,7,13,13,91
13/10/2024,MEDIUM,7.67,78,78,598.26
13/10/2024,LARGE,8,120,120,960
13/10/2024,X-LARGE,8.67,77,77,667.59
13/10/2024,JUMBO,9.33,13,13,121.29
14/10/2024,PEWEE,5,2,2,10
14/10/2024,SMALL,7,9,9,63
14/10/2024,MEDIUM,7.67,82,82,628.94
14/10/2024,LARGE,8,115,115,920
14/10/2024,X-LARGE,8.67,76,76,658.92
14/10/2024,JUMBO,9.33,12,12,111.96
15/10/2024,PEWEE,5,0,0,0
15/10/2024,SMALL,7,27,27,189
15/10/2024,MEDIUM,7.67,97,97,743.99
15/10/2024,LARGE,8,128,128,1024
15/10/2024,X-LARGE,8.67,53,53,459.51
15/10/2024,JUMBO,9.33,16,16,149.28
16/10/2024,PEWEE,5,1,1,5
16/10/2024,SMALL,7,18,18,126
16/10/2024,MEDIUM,7.67,99,99,759.33
16/10/2024,LARGE,8,130,130,1040
16/10/2024,X-LARGE,8.67,0,0,0
16/10/2024,JUMBO,9.33,0,0,0
17/10/2024,PEWEE,5,2,2,10
17/10/2024,SMALL,7,26,26,182
17/10/2024,MEDIUM,7.67,94,94,720.98
17/10/2024,LARGE,8,137,137,1096
17/10/2024,X-LARGE,8.67,63,63,546.21
17/10/2024,JUMBO,9.33,13,13,121.29
18/10/2024,PEWEE,5,2,2,10
18/10/2024,SMALL,7,25,25,175
18/10/2024,MEDIUM,7.67,114,114,874.38
18/10/2024,LARGE,8,127,127,1016
18/10/2024,X-LARGE,8.67,59,59,511.53
18/10/2024,JUMBO,9.33,13,13,121.29
19/10/2024,PEWEE,5,1,1,5
19/10/2024,SMALL,7,28,28,196
19/10/2024,MEDIUM,7.67,90,90,690.3
19/10/2024,LARGE,8,145,145,1160
19/10/2024,X-LARGE,8.67,60,60,520.2
19/10/2024,JUMBO,9.33,14,14,130.62
20/10/2024,PEWEE,5,0,0,0
20/10/2024,SMALL,7,31,31,217
20/10/2024,MEDIUM,7.67,87,87,667.29
20/10/2024,LARGE,8,140,140,1120
20/10/2024,X-LARGE,8.67,41,41,355.47
20/10/2024,JUMBO,9.33,13,13,121.29
21/10/2024,PEWEE,5,3,3,15
21/10/2024,SMALL,7,23,23,161
21/10/2024,MEDIUM,7.67,98,98,751.66
21/10/2024,LARGE,8,140,140,1120
21/10/2024,X-LARGE,8.67,45,45,390.15
21/10/2024,JUMBO,9.33,19,19,177.27
22/10/2024,PEWEE,5,2,2,10
22/10/2024,SMALL,7,24,24,168
22/10/2024,MEDIUM,7.67,88,88,674.96
22/10/2024,LARGE,8,150,150,1200
22/10/2024,X-LARGE,8.67,56,56,485.52
22/10/2024,JUMBO,9.33,20,20,186.6
23/10/2024,PEWEE,5,1,1,5
23/10/2024,SMALL,7,24,24,168
23/10/2024,MEDIUM,7.67,93,93,713.31
23/10/2024,LARGE,8,134,134,1072
23/10/2024,X-LARGE,8.67,58,58,502.86
23/10/2024,JUMBO,9.33,20,20,186.6
24/10/2024,PEWEE,5,0,0,0
24/10/2024,SMALL,7,27,27,189
24/10/2024,MEDIUM,7.67,113,113,866.71
24/10/2024,LARGE,8,124,124,992
24/10/2024,X-LARGE,8.67,54,54,468.18
24/10/2024,JUMBO,9.33,18,18,167.94
25/10/2024,PEWEE,5,1,1,5
25/10/2024,SMALL,7,29,29,203
25/10/2024,MEDIUM,7.67,108,108,828.36
25/10/2024,LARGE,8,128,128,1024
25/10/2024,X-LARGE,8.67,54,54,468.18
25/10/2024,JUMBO,9.33,10,10,93.3
26/10/2024,PEWEE,5,1,1,5
26/10/2024,SMALL,7,36,36,252
26/10/2024,MEDIUM,7.67,114,114,874.38
26/10/2024,LARGE,8,118,118,944
26/10/2024,X-LARGE,8.67,54,54,468.18
26/10/2024,JUMBO,9.33,18,18,167.94
27/10/2024,PEWEE,5,3,3,15
27/10/2024,SMALL,7,37,37,259
27/10/2024,MEDIUM,7.67,114,114,874.38
27/10/2024,LARGE,8,114,114,912
27/10/2024,X-LARGE,8.67,61,61,528.87
27/10/2024,JUMBO,9.33,11,11,102.63
28/10/2024,PEWEE,5,0,0,0
28/10/2024,SMALL,7,32,32,224
28/10/2024,MEDIUM,7.67,99,99,759.33
28/10/2024,LARGE,8,127,127,1016
28/10/2024,X-LARGE,8.67,52,52,450.84
28/10/2024,JUMBO,9.33,20,20,186.6
29/10/2024,PEWEE,5,4,4,20
29/10/2024,SMALL,7,33,33,231
29/10/2024,MEDIUM,7.67,123,123,943.41
29/10/2024,LARGE,8,118,118,944
29/10/2024,X-LARGE,8.67,58,58,502.86
29/10/2024,JUMBO,9.33,14,14,130.62
30/10/2024,PEWEE,5,5,5,25
30/10/2024,SMALL,7,25,25,175
30/10/2024,MEDIUM,7.67,126,126,966.42
30/10/2024,LARGE,8,131,131,1048
30/10/2024,X-LARGE,8.67,53,53,459.51
30/10/2024,JUMBO,9.33,12,12,111.96
31/10/2024,PEWEE,5,2,2,10
31/10/2024,SMALL,7,35,35,245
31/10/2024,MEDIUM,7.67,118,118,905.06
31/10/2024,LARGE,8,113,113,904
31/10/2024,X-LARGE,8.67,53,53,459.51
31/10/2024,JUMBO,9.33,12,12,111.96
01/11/2024,PULLETS,5,0,0,0
01/11/2024,SMALL,7,31,31,217
01/11/2024,MEDIUM,7.67,101,101,774.67
01/11/2024,LARGE,8,143,143,1144
01/11/2024,X-LARGE,8.67,63,63,546.21
01/11/2024,JUMBO,9.33,8,8,74.64
02/11/2024,PULLETS,5,2,2,10
02/11/2024,SMALL,7,25,25,175
02/11/2024,MEDIUM,7.67,102,102,782.34
02/11/2024,LARGE,8,134,134,1072
02/11/2024,X-LARGE,8.67,71,71,615.57
02/11/2024,JUMBO,9.33,16,16,149.28
03/11/2024,PULLETS,5,0,0,0
03/11/2024,SMALL,7,23,23,161
03/11/2024,MEDIUM,7.67,95,95,728.65
03/11/2024,LARGE,8,140,140,1120
03/11/2024,X-LARGE,8.67,63,63,546.21
03/11/2024,JUMBO,9.33,19,19,177.27
04/11/2024,PULLETS,5,1,1,5
04/11/2024,SMALL,7,21,21,147
04/11/2024,MEDIUM,7.67,105,105,805.35
04/11/2024,LARGE,8,134,134,1072
04/11/2024,X-LARGE,8.67,55,55,476.85
04/11/2024,JUMBO,9.33,22,22,205.26
05/11/2024,PULLETS,5,0,0,0
05/11/2024,SMALL,7,38,38,266
05/11/2024,MEDIUM,7.67,106,106,813.02
05/11/2024,LARGE,8,110,110,880
05/11/2024,X-LARGE,8.67,64,64,554.88
05/11/2024,JUMBO,9.33,13,13,121.29
06/11/2024,PULLETS,5,1,1,5
06/11/2024,SMALL,7,33,33,231
06/11/2024,MEDIUM,7.67,104,104,797.68
06/11/2024,LARGE,8,118,118,944
06/11/2024,X-LARGE,8.67,74,74,641.58
06/11/2024,JUMBO,9.33,28,28,261.24
07/11/2024,PULLETS,5,3,3,15
07/11/2024,SMALL,7,33,33,231
07/11/2024,MEDIUM,7.67,106,106,813.02
07/11/2024,LARGE,8,142,142,1136
07/11/2024,X-LARGE,8.67,60,60,520.2
07/11/2024,JUMBO,9.33,11,11,102.63
08/11/2024,PULLETS,5,0,0,0
08/11/2024,SMALL,7,18,18,126
08/11/2024,MEDIUM,7.67,87,87,667.29
08/11/2024,LARGE,8,153,153,1224
08/11/2024,X-LARGE,8.67,69,69,598.23
08/11/2024,JUMBO,9.33,10,10,93.3
09/11/2024,PULLETS,5,1,1,5
09/11/2024,SMALL,7,26,26,182
09/11/2024,MEDIUM,7.67,102,102,782.34
09/11/2024,LARGE,8,160,160,1280
09/11/2024,X-LARGE,8.67,64,64,554.88
09/11/2024,JUMBO,9.33,13,13,121.29
10/11/2024,PULLETS,5,1,1,5
10/11/2024,SMALL,7,18,18,126
10/11/2024,MEDIUM,7.67,101,101,774.67
10/11/2024,LARGE,8,163,163,1304
10/11/2024,X-LARGE,8.67,71,71,615.57
10/11/2024,JUMBO,9.33,13,13,121.29
11/11/2024,PULLETS,5,2,2,10
11/11/2024,SMALL,7,25,25,175
11/11/2024,MEDIUM,7.67,111,111,851.37
11/11/2024,LARGE,8,149,149,1192
11/11/2024,X-LARGE,8.67,69,69,598.23
11/11/2024,JUMBO,9.33,11,11,102.63
12/11/2024,PULLETS,5,2,2,10
12/11/2024,SMALL,7,21,21,147
12/11/2024,MEDIUM,7.67,92,92,705.64
12/11/2024,LARGE,8,149,149,1192
12/11/2024,X-LARGE,8.67,65,65,563.55
12/11/2024,JUMBO,9.33,13,13,121.29
13/11/2024,PULLETS,5,1,1,5
13/11/2024,SMALL,7,14,14,98
13/11/2024,MEDIUM,7.67,113,113,866.71
13/11/2024,LARGE,8,157,157,1256
13/11/2024,X-LARGE,8.67,63,63,546.21
13/11/2024,JUMBO,9.33,15,15,139.95
14/11/2024,PULLETS,5,0,0,0
14/11/2024,SMALL,7,23,23,161
14/11/2024,MEDIUM,7.67,124,124,951.08
14/11/2024,LARGE,8,155,155,1240
14/11/2024,X-LARGE,8.67,64,64,554.88
14/11/2024,JUMBO,9.33,8,8,74.64
15/11/2024,PULLETS,5,0,0,0
15/11/2024,SMALL,7,17,17,119
15/11/2024,MEDIUM,7.67,108,108,828.36
15/11/2024,LARGE,8,167,167,1336
15/11/2024,X-LARGE,8.67,68,68,589.56
15/11/2024,JUMBO,9.33,11,11,102.63
16/11/2024,PULLETS,5,2,2,10
16/11/2024,SMALL,7,19,19,133
16/11/2024,MEDIUM,7.67,94,94,720.98
16/11/2024,LARGE,8,131,131,1048
16/11/2024,X-LARGE,8.67,57,57,494.19
16/11/2024,JUMBO,9.33,10,10,93.3
17/11/2024,PULLETS,5,4,4,20
17/11/2024,SMALL,7,27,27,189
17/11/2024,MEDIUM,7.67,116,116,889.72
17/11/2024,LARGE,8,129,129,1032
17/11/2024,X-LARGE,8.67,57,57,494.19
17/11/2024,JUMBO,9.33,20,20,186.6
18/11/2024,PULLETS,5,2,2,10
18/11/2024,SMALL,7,24,24,168
18/11/2024,MEDIUM,7.67,115,115,882.05
18/11/2024,LARGE,8,149,149,1192
18/11/2024,X-LARGE,8.67,52,52,450.84
18/11/2024,JUMBO,9.33,15,15,139.95
19/11/2024,PULLETS,5,0,0,0
19/11/2024,SMALL,7,27,27,189
19/11/2024,MEDIUM,7.67,104,104,797.68
19/11/2024,LARGE,8,157,157,1256
19/11/2024,X-LARGE,8.67,58,58,502.86
19/11/2024,JUMBO,9.33,20,20,186.6
20/11/2024,PULLETS,5,2,2,10
20/11/2024,SMALL,7,27,27,189
20/11/2024,MEDIUM,7.67,109,109,836.03
20/11/2024,LARGE,8,126,126,1008
20/11/2024,X-LARGE,8.67,48,48,416.16
20/11/2024,JUMBO,9.33,16,16,149.28
21/11/2024,PULLETS,5,2,2,10
21/11/2024,SMALL,7,20,20,140
21/11/2024,MEDIUM,7.67,103,103,790.01
21/11/2024,LARGE,8,138,138,1104
21/11/2024,X-LARGE,8.67,66,66,572.22
21/11/2024,JUMBO,9.33,16,16,149.28
22/11/2024,PULLETS,5,3,3,15
22/11/2024,SMALL,7,26,26,182
22/11/2024,MEDIUM,7.67,111,111,851.37
22/11/2024,LARGE,8,144,144,1152
22/11/2024,X-LARGE,8.67,72,72,624.24
22/11/2024,JUMBO,9.33,16,16,149.28
23/11/2024,PULLETS,5,0,0,0
23/11/2024,SMALL,7,16,16,112
23/11/2024,MEDIUM,7.67,102,102,782.34
23/11/2024,LARGE,8,166,166,1328
23/11/2024,X-LARGE,8.67,65,65,563.55
23/11/2024,JUMBO,9.33,16,16,149.28
24/11/2024,PULLETS,5,2,2,10
24/11/2024,SMALL,7,26,26,182
24/11/2024,MEDIUM,7.67,119,119,912.73
24/11/2024,LARGE,8,155,155,1240
24/11/2024,X-LARGE,8.67,52,52,450.84
24/11/2024,JUMBO,9.33,19,19,177.27
25/11/2024,PULLETS,5,1,1,5
25/11/2024,SMALL,7,31,31,217
25/11/2024,MEDIUM,7.67,115,115,882.05
25/11/2024,LARGE,8,148,148,1184
25/11/2024,X-LARGE,8.67,56,56,485.52
25/11/2024,JUMBO,9.33,9,9,83.97
26/11/2024,PULLETS,5,4,4,20
26/11/2024,SMALL,7,26,26,182
26/11/2024,MEDIUM,7.67,144,144,1104.48
26/11/2024,LARGE,8,146,146,1168
26/11/2024,X-LARGE,8.67,51,51,442.17
26/11/2024,JUMBO,9.33,12,12,111.96
27/11/2024,PULLETS,5,5,5,25
27/11/2024,SMALL,7,30,30,210
27/11/2024,MEDIUM,7.67,117,117,897.39
27/11/2024,LARGE,8,152,152,1216
27/11/2024,X-LARGE,8.67,48,48,416.16
27/11/2024,JUMBO,9.33,11,11,102.63
28/11/2024,PULLETS,5,0,0,0
28/11/2024,SMALL,7,19,19,133
28/11/2024,MEDIUM,7.67,120,120,920.4
28/11/2024,LARGE,8,144,144,1152
28/11/2024,X-LARGE,8.67,62,62,537.54
28/11/2024,JUMBO,9.33,21,21,195.93
29/11/2024,PULLETS,5,1,1,5
29/11/2024,SMALL,7,20,20,140
29/11/2024,MEDIUM,7.67,111,111,851.37
29/11/2024,LARGE,8,148,148,1184
29/11/2024,X-LARGE,8.67,53,53,459.51
29/11/2024,JUMBO,9.33,13,13,121.29
30/11/2024,PULLETS,5,0,0,0
30/11/2024,SMALL,7,23,23,161
30/11/2024,MEDIUM,7.67,132,132,1012.44
30/11/2024,LARGE,8,146,146,1168
30/11/2024,X-LARGE,8.67,49,49,424.83
30/11/2024,JUMBO,9.33,12,12,111.96
01/12/2024,PULLETS,5,2,2,10
01/12/2024,SMALL,7,30,30,210
01/12/2024,MEDIUM,7.67,135,135,1035.45
01/12/2024,LARGE,8,137,137,1096
01/12/2024,X-LARGE,8.67,48,48,416.16
01/12/2024,JUMBO,9.33,8,8,74.64
02/12/2024,PULLETS,5,1,1,5
02/12/2024,SMALL,7,34,34,238
02/12/2024,MEDIUM,7.67,129,129,989.43
02/12/2024,LARGE,8,128,128,1024
02/12/2024,X-LARGE,8.67,56,56,485.52
02/12/2024,JUMBO,9.33,7,7,65.31
03/12/2024,PULLETS,5,5,5,25
03/12/2024,SMALL,7,27,27,189
03/12/2024,MEDIUM,7.67,110,110,843.7
03/12/2024,LARGE,8,139,139,1112
03/12/2024,X-LARGE,8.67,59,59,511.53
03/12/2024,JUMBO,9.33,18,18,167.94
04/12/2024,PULLETS,5,4,4,20
04/12/2024,SMALL,7,31,31,217
04/12/2024,MEDIUM,7.67,125,125,958.75
04/12/2024,LARGE,8,120,120,960
04/12/2024,X-LARGE,8.67,59,59,511.53
04/12/2024,JUMBO,9.33,10,10,93.3
05/12/2024,PULLETS,5,2,2,10
05/12/2024,SMALL,7,32,32,224
05/12/2024,MEDIUM,7.67,118,118,905.06
05/12/2024,LARGE,8,126,126,1008
05/12/2024,X-LARGE,8.67,57,57,494.19
05/12/2024,JUMBO,9.33,19,19,177.27
06/12/2024,PULLETS,5,1,1,5
06/12/2024,SMALL,7,23,23,161
06/12/2024,MEDIUM,7.67,133,133,1020.11
06/12/2024,LARGE,8,122,122,976
06/12/2024,X-LARGE,8.67,48,48,416.16
06/12/2024,JUMBO,9.33,25,25,233.25
07/12/2024,PULLETS,5,2,2,10
07/12/2024,SMALL,7,29,29,203
07/12/2024,MEDIUM,7.67,126,126,966.42
07/12/2024,LARGE,8,131,131,1048
07/12/2024,X-LARGE,8.67,60,60,520.2
07/12/2024,JUMBO,9.33,10,10,93.3
08/12/2024,PULLETS,5,0,0,0
08/12/2024,SMALL,7,33,33,231
08/12/2024,MEDIUM,7.67,130,130,997.1
08/12/2024,LARGE,8,128,128,1024
08/12/2024,X-LARGE,8.67,53,53,459.51
08/12/2024,JUMBO,9.33,14,14,130.62
09/12/2024,PULLETS,5,0,0,0
09/12/2024,SMALL,7,28,28,196
09/12/2024,MEDIUM,7.67,100,100,767
09/12/2024,LARGE,8,141,141,1128
09/12/2024,X-LARGE,8.67,62,62,537.54
09/12/2024,JUMBO,9.33,22,22,205.26
10/12/2024,PULLETS,5,0,0,0
10/12/2024,SMALL,7,27,27,189
10/12/2024,MEDIUM,7.67,118,118,905.06
10/12/2024,LARGE,8,141,141,1128
10/12/2024,X-LARGE,8.67,61,61,528.87
10/12/2024,JUMBO,9.33,14,14,130.62
11/12/2024,PULLETS,5,1,1,5
11/12/2024,SMALL,7,27,27,189
11/12/2024,MEDIUM,7.67,119,119,912.73
11/12/2024,LARGE,8,148,148,1184
11/12/2024,X-LARGE,8.67,61,61,528.87
11/12/2024,JUMBO,9.33,14,14,130.62
12/12/2024,PULLETS,5,0,0,0
12/12/2024,SMALL,7,35,35,245
12/12/2024,MEDIUM,7.67,126,126,966.42
12/12/2024,LARGE,8,139,139,1112
12/12/2024,X-LARGE,8.67,48,48,416.16
12/12/2024,JUMBO,9.33,14,14,130.62
13/12/2024,PULLETS,5,1,1,5
13/12/2024,SMALL,7,29,29,203
13/12/2024,MEDIUM,7.67,126,126,966.42
13/12/2024,LARGE,8,136,136,1088
13/12/2024,X-LARGE,8.67,62,62,537.54
13/12/2024,JUMBO,9.33,12,12,111.96
14/12/2024,PULLETS,5,2,2,10
14/12/2024,SMALL,7,36,36,252
14/12/2024,MEDIUM,7.67,107,107,820.69
14/12/2024,LARGE,8,149,149,1192
14/12/2024,X-LARGE,8.67,64,64,554.88
14/12/2024,JUMBO,9.33,14,14,130.62
15/12/2024,PULLETS,5,1,1,5
15/12/2024,SMALL,7,30,30,210
15/12/2024,MEDIUM,7.67,114,114,874.38
15/12/2024,LARGE,8,141,141,1128
15/12/2024,X-LARGE,8.67,64,64,554.88
15/12/2024,JUMBO,9.33,12,12,111.96
16/12/2024,PULLETS,5,1,1,5
16/12/2024,SMALL,7,22,22,154
16/12/2024,MEDIUM,7.67,85,85,651.95
16/12/2024,LARGE,8,146,146,1168
16/12/2024,X-LARGE,8.67,78,78,676.26
16/12/2024,JUMBO,9.33,32,32,298.56
17/12/2024,PULLETS,5,0,0,0
17/12/2024,SMALL,7,13,13,91
17/12/2024,MEDIUM,7.67,85,85,651.95
17/12/2024,LARGE,8,140,140,1120
17/12/2024,X-LARGE,8.67,89,89,771.63
17/12/2024,JUMBO,9.33,25,25,233.25
18/12/2024,PULLETS,5,0,0,0
18/12/2024,SMALL,7,11,11,77
18/12/2024,MEDIUM,7.67,77,77,590.59
18/12/2024,LARGE,8,150,150,1200
18/12/2024,X-LARGE,8.67,86,86,745.62
18/12/2024,JUMBO,9.33,25,25,233.25
19/12/2024,PULLETS,5,0,0,0
19/12/2024,SMALL,7,24,24,168
19/12/2024,MEDIUM,7.67,94,94,720.98
19/12/2024,LARGE,8,138,138,1104
19/12/2024,X-LARGE,8.67,92,92,797.64
19/12/2024,JUMBO,9.33,14,14,130.62
20/12/2024,PULLETS,5,1,1,5
20/12/2024,SMALL,7,23,23,161
20/12/2024,MEDIUM,7.67,120,120,920.4
20/12/2024,LARGE,8,130,130,1040
20/12/2024,X-LARGE,8.67,73,73,632.91
20/12/2024,JUMBO,9.33,20,20,186.6
21/12/2024,PULLETS,5,2,2,10
21/12/2024,SMALL,7,31,31,217
21/12/2024,MEDIUM,7.67,120,120,920.4
21/12/2024,LARGE,8,135,135,1080
21/12/2024,X-LARGE,8.67,50,50,433.5
21/12/2024,JUMBO,9.33,19,19,177.27
22/12/2024,PULLETS,5,0,0,0
22/12/2024,SMALL,7,39,39,273
22/12/2024,MEDIUM,7.67,113,113,866.71
22/12/2024,LARGE,8,145,145,1160
22/12/2024,X-LARGE,8.67,51,51,442.17
22/12/2024,JUMBO,9.33,12,12,111.96
23/12/2024,PULLETS,5,0,0,0
23/12/2024,SMALL,7,28,28,196
23/12/2024,MEDIUM,7.67,126,126,966.42
23/12/2024,LARGE,8,135,135,1080
23/12/2024,X-LARGE,8.67,62,62,537.54
23/12/2024,JUMBO,9.33,7,7,65.31
24/12/2024,PULLETS,5,2,2,10
24/12/2024,SMALL,7,11,11,77
24/12/2024,MEDIUM,7.67,88,88,674.96
24/12/2024,LARGE,8,157,157,1256
24/12/2024,X-LARGE,8.67,84,84,728.28
24/12/2024,JUMBO,9.33,22,22,205.26
25/12/2024,PULLETS,5,2,2,10
25/12/2024,SMALL,7,17,17,119
25/12/2024,MEDIUM,7.67,101,101,774.67
25/12/2024,LARGE,8,145,145,1160
25/12/2024,X-LARGE,8.67,65,65,563.55
25/12/2024,JUMBO,9.33,24,24,223.92
26/12/2024,PULLETS,5,2,2,10
26/12/2024,SMALL,7,20,20,140
26/12/2024,MEDIUM,7.67,86,86,659.62
26/12/2024,LARGE,8,135,135,1080
26/12/2024,X-LARGE,8.67,90,90,780.3
26/12/2024,JUMBO,9.33,19,19,177.27
27/12/2024,PULLETS,5,1,1,5
27/12/2024,SMALL,7,28,28,196
27/12/2024,MEDIUM,7.67,111,111,851.37
27/12/2024,LARGE,8,140,140,1120
27/12/2024,X-LARGE,8.67,73,73,632.91
27/12/2024,JUMBO,9.33,16,16,149.28
28/12/2024,PULLETS,5,1,1,5
28/12/2024,SMALL,7,20,20,140
28/12/2024,MEDIUM,7.67,91,91,697.97
28/12/2024,LARGE,8,162,162,1296
28/12/2024,X-LARGE,8.67,58,58,502.86
28/12/2024,JUMBO,9.33,29,29,270.57
29/12/2024,PULLETS,5,3,3,15
29/12/2024,SMALL,7,33,33,231
29/12/2024,MEDIUM,7.67,141,141,1081.47
29/12/2024,LARGE,8,119,119,952
29/12/2024,X-LARGE,8.67,72,72,624.24
29/12/2024,JUMBO,9.33,8,8,74.64
30/12/2024,PULLETS,5,1,1,5
30/12/2024,SMALL,7,26,26,182
30/12/2024,MEDIUM,7.67,109,109,836.03
30/12/2024,LARGE,8,145,145,1160
30/12/2024,X-LARGE,8.67,61,61,528.87
30/12/2024,JUMBO,9.33,13,13,121.29
31/12/2024,PULLETS,5,1,1,5
31/12/2024,SMALL,7,19,19,133
31/12/2024,MEDIUM,7.67,99,99,759.33
31/12/2024,LARGE,8,142,142,1136
31/12/2024,X-LARGE,8.67,76,76,658.92
31/12/2024,JUMBO,9.33,21,21,195.93
01/01/2025,PULLETS,5,1,1,5
01/01/2025,SMALL,7,17,17,119
01/01/2025,MEDIUM,7.67,100,100,767
01/01/2025,LARGE,8,156,156,1248
01/01/2025,X-LARGE,8.6,71,70.93023256,610
01/01/2025,JUMBO,9.33,15,15,139.95
02/01/2025,PULLETS,5,0,0,0
02/01/2025,SMALL,7,16,16,112
02/01/2025,MEDIUM,7.67,94,94,720.98
02/01/2025,LARGE,8,141,141,1128
02/01/2025,X-LARGE,8.6,32,32,275.2
02/01/2025,JUMBO,9.33,7,7,65.31
03/01/2025,PULLETS,5,3,3,15
03/01/2025,SMALL,7,25,25,175
03/01/2025,MEDIUM,7.67,90,90,690.3
03/01/2025,LARGE,8,141,141,1128
03/01/2025,X-LARGE,8.6,73,73,627.8
03/01/2025,JUMBO,9.33,18,18,167.94
04/01/2025,PULLETS,5,2,2,10
04/01/2025,SMALL,7,21,21,147
04/01/2025,MEDIUM,7.67,96,96,736.32
04/01/2025,LARGE,8,143,143,1144
04/01/2025,X-LARGE,8.6,78,78,670.8
04/01/2025,JUMBO,9.33,18,18,167.94
05/01/2025,PULLETS,5,0,0,
05/01/2025,SMALL,7,13,13,91
05/01/2025,MEDIUM,7.67,87,87,667.29
05/01/2025,LARGE,8,130,130,1040
05/01/2025,X-LARGE,8.6,91,91,782.6
05/01/2025,JUMBO,9.33,30,30,279.9
06/01/2025,PULLETS,5,0,0,
06/01/2025,SMALL,7,25,25,175
06/01/2025,MEDIUM,7.67,100,100,767
06/01/2025,LARGE,8,146,146,1168
06/01/2025,X-LARGE,8.6,74,74,636.4
06/01/2025,JUMBO,9.33,20,20,186.6
07/01/2025,PULLETS,5,0,0,0
07/01/2025,SMALL,7,18,18,126
07/01/2025,MEDIUM,7.67,107,107,820.69
07/01/2025,LARGE,8,140,140,1120
07/01/2025,X-LARGE,8.6,71,71,610.6
07/01/2025,JUMBO,9.33,18,18,167.94
08/01/2025,PULLETS,5,0,0,0
08/01/2025,SMALL,7,19,19,133
08/01/2025,MEDIUM,7.67,87,87,667.29
08/01/2025,LARGE,8,143,143,1144
08/01/2025,X-LARGE,8.6,84,84,722.4
08/01/2025,JUMBO,9.33,17,17,158.61
09/01/2025,PULLETS,5,0,0,0
09/01/2025,SMALL,7,26,26,182
09/01/2025,MEDIUM,7.67,94,94,720.98
09/01/2025,LARGE,8,141,141,1128
09/01/2025,X-LARGE,8.6,81,81,696.6
09/01/2025,JUMBO,9.33,22,22,205.26
10/01/2025,PULLETS,5,0,0,0
10/01/2025,SMALL,7,16,16,112
10/01/2025,MEDIUM,7.67,114,114,874.38
10/01/2025,LARGE,8,151,151,1208
10/01/2025,X-LARGE,8.6,65,65,559
10/01/2025,JUMBO,9.33,20,20,186.6
11/01/2025,PULLETS,5,0,0,0
11/01/2025,SMALL,7,25,25,175
11/01/2025,MEDIUM,7.67,113,113,866.71
11/01/2025,LARGE,8,129,129,1032
11/01/2025,X-LARGE,8.6,71,71,610.6
11/01/2025,JUMBO,9.33,15,15,139.95
12/01/2025,PULLETS,5,3,3,15
12/01/2025,SMALL,7,32,32,224
12/01/2025,MEDIUM,7.67,106,106,813.02
12/01/2025,LARGE,8,142,142,1136
12/01/2025,X-LARGE,8.6,60,60,516
12/01/2025,JUMBO,9.33,13,13,121.29
13/01/2025,PULLETS,5,1,1,5
13/01/2025,SMALL,7,14,14,98
13/01/2025,MEDIUM,7.67,92,92,705.64
13/01/2025,LARGE,8,145,145,1160
13/01/2025,X-LARGE,8.6,77,77,662.2
13/01/2025,JUMBO,9.33,21,21,195.93
14/01/2025,PULLETS,5,1,1,5
14/01/2025,SMALL,7,22,22,154
14/01/2025,MEDIUM,7.67,117,117,897.39
14/01/2025,LARGE,8,124,124,992
14/01/2025,X-LARGE,8.6,69,69,593.4
14/01/2025,JUMBO,9.33,20,20,186.6
15/01/2025,PULLETS,5,0,0,0
15/01/2025,SMALL,7,25,25,175
15/01/2025,MEDIUM,7.67,118,118,905.06
15/01/2025,LARGE,8,125,125,1000
15/01/2025,X-LARGE,8.6,55,55,473
15/01/2025,JUMBO,9.33,15,15,139.95
16/01/2025,PULLETS,5,0,0,0
16/01/2025,SMALL,7,28,28,196
16/01/2025,MEDIUM,7.67,116,116,889.72
16/01/2025,LARGE,8,127,127,1016
16/01/2025,X-LARGE,8.6,31,31,266.6
16/01/2025,JUMBO,9.33,15,15,139.95
17/01/2025,PULLETS,5,1,1,5
17/01/2025,SMALL,7,33,33,231
17/01/2025,MEDIUM,7.67,102,102,782.34
17/01/2025,LARGE,8,156,156,1248
17/01/2025,X-LARGE,8.6,57,57,490.2
17/01/2025,JUMBO,9.33,17,17,158.61
18/01/2025,PULLETS,5,0,0,0
18/01/2025,SMALL,7,16,16,112
18/01/2025,MEDIUM,7.67,86,86,659.62
18/01/2025,LARGE,8,146,146,1168
18/01/2025,X-LARGE,8.6,76,76,653.6
18/01/2025,JUMBO,9.33,26,26,242.58
19/01/2025,PULLETS,5,0,0,0
19/01/2025,SMALL,7,36,36,252
19/01/2025,MEDIUM,7.67,119,119,912.73
19/01/2025,LARGE,8,147,147,1176
19/01/2025,X-LARGE,8.6,33,33,283.8
19/01/2025,JUMBO,9.33,13,13,121.29
20/01/2025,PULLETS,5,0,0,0
20/01/2025,SMALL,7,31,31,217
20/01/2025,MEDIUM,7.67,108,108,828.36
20/01/2025,LARGE,8,140,140,1120
20/01/2025,X-LARGE,8.6,57,57,490.2
20/01/2025,JUMBO,9.33,14,14,130.62
21/01/2025,PULLETS,5,0,0,0
21/01/2025,SMALL,7,27,27,189
21/01/2025,MEDIUM,7.67,106,106,813.02
21/01/2025,LARGE,8,144,144,1152
21/01/2025,X-LARGE,8.6,58,58,498.8
21/01/2025,JUMBO,9.33,20,20,186.6
22/01/2025,PULLETS,5,0,0,0
22/01/2025,SMALL,7,34,34,238
22/01/2025,MEDIUM,7.67,115,115,882.05
22/01/2025,LARGE,8,137,137,1096
22/01/2025,X-LARGE,8.6,35,35,301
22/01/2025,JUMBO,9.33,15,15,139.95
23/01/2025,PULLETS,5,0,0,0
23/01/2025,SMALL,7,23,23,161
23/01/2025,MEDIUM,7.67,95,95,728.65
23/01/2025,LARGE,8,141,141,1128
23/01/2025,X-LARGE,8.6,65,65,559
23/01/2025,JUMBO,9.33,17,17,158.61
24/01/2025,PULLETS,5,1,1,5
24/01/2025,SMALL,7,28,28,196
24/01/2025,MEDIUM,7.67,117,117,897.39
24/01/2025,LARGE,8,146,146,1168
24/01/2025,X-LARGE,8.6,86,86,739.6
24/01/2025,JUMBO,9.33,9,9,83.97
25/01/2025,PULLETS,5,0,0,0
25/01/2025,SMALL,7,27,27,189
25/01/2025,MEDIUM,7.67,113,115.6075619,886.71
25/01/2025,LARGE,8,131,131,1048
25/01/2025,X-LARGE,8.6,56,56,481.6
25/01/2025,JUMBO,9.33,16,16,149.28
26/01/2025,PULLETS,5,0,0,0
26/01/2025,SMALL,7,30,30,210
26/01/2025,MEDIUM,7.67,111,111,851.37
26/01/2025,LARGE,8,134,134,1072
26/01/2025,X-LARGE,8.6,52,52,447.2
26/01/2025,JUMBO,9.33,10,10,93.3
27/01/2025,PULLETS,5,1,1,5
27/01/2025,SMALL,7,10,10,70
27/01/2025,MEDIUM,7.67,104,104,797.68
27/01/2025,LARGE,8,144,144,1152
27/01/2025,X-LARGE,8.6,60,60,516
27/01/2025,JUMBO,9.33,23,23,214.59
28/01/2025,PULLETS,5,0,0,0
28/01/2025,SMALL,7,17,17,119
28/01/2025,MEDIUM,7.67,67,67,513.89
28/01/2025,LARGE,8,131,131,1048
28/01/2025,X-LARGE,8.6,88,88,756.8
28/01/2025,JUMBO,9.33,36,36,335.88
29/01/2025,PULLETS,5,0,0,0
29/01/2025,SMALL,7,10,10,70
29/01/2025,MEDIUM,7.67,66,66,506.22
29/01/2025,LARGE,8,129,129,1032
29/01/2025,X-LARGE,8.6,98,98,842.8
29/01/2025,JUMBO,9.33,40,40,373.2
30/01/2025,PULLETS,5,0,0,0
30/01/2025,SMALL,7,15,15,105
30/01/2025,MEDIUM,7.67,65,65,498.55
30/01/2025,LARGE,8,149,149,1192
30/01/2025,X-LARGE,8.6,68,68,584.8
30/01/2025,JUMBO,9.33,28,28,261.24
31/01/2025,PULLETS,5,1,1,5
31/01/2025,SMALL,7,17,17,119
31/01/2025,MEDIUM,7.67,79,79,605.93
31/01/2025,LARGE,8,139,139,1112
31/01/2025,X-LARGE,8.6,84,84,722.4
31/01/2025,JUMBO,9.33,21,21,195.93
01/02/2025,PULLETS,5,0,0,0
01/02/2025,SMALL,7,12,12,84
01/02/2025,MEDIUM,7.67,97,97,743.99
01/02/2025,LARGE,8,159,159,1272
01/02/2025,X-LARGE,8.6,45,45,387
01/02/2025,JUMBO,9.33,19,19,177.27
02/02/2025,PULLETS,5,0,0,0
02/02/2025,SMALL,7,31,31,217
02/02/2025,MEDIUM,7.67,93,93,713.31
02/02/2025,LARGE,8,146,146,1168
02/02/2025,X-LARGE,8.6,50,50,430
02/02/2025,JUMBO,9.33,21,21,195.93
03/02/2025,PULLETS,5,0,0,0
03/02/2025,SMALL,7,28,28,196
03/02/2025,MEDIUM,7.67,91,91,697.97
03/02/2025,LARGE,8,141,141,1128
03/02/2025,X-LARGE,8.6,66,66,567.6
03/02/2025,JUMBO,9.33,12,12,111.96
04/02/2025,PULLETS,5,1,1,5
04/02/2025,SMALL,7,33,33,231
04/02/2025,MEDIUM,7.67,107,107,820.69
04/02/2025,LARGE,8,136,136,1088
04/02/2025,X-LARGE,8.6,44,44,378.4
04/02/2025,JUMBO,9.33,9,9,83.97
05/02/2025,PULLETS,5,0,0,0
05/02/2025,SMALL,7,18,18,126
05/02/2025,MEDIUM,7.67,100,100,767
05/02/2025,LARGE,8,132,132,1056
05/02/2025,X-LARGE,8.6,79,79,679.4
05/02/2025,JUMBO,9.33,20,20,186.6
06/02/2025,PULLETS,5,2,2,10
06/02/2025,SMALL,7,18,18,126
06/02/2025,MEDIUM,7.67,101,101,774.67
06/02/2025,LARGE,8,139,139,1112
06/02/2025,X-LARGE,8.6,25,25,215
06/02/2025,JUMBO,9.33,15,15,139.95
07/02/2025,PULLETS,5,1,1,5
07/02/2025,SMALL,7,19,19,133
07/02/2025,MEDIUM,7.67,128,92,705.64
07/02/2025,LARGE,8,78,128,1024
07/02/2025,X-LARGE,8.6,78,78,670.8
07/02/2025,JUMBO,9.33,23,23,214.59
08/02/2025,PULLETS,5,0,0,0
08/02/2025,SMALL,7,29,29,203
08/02/2025,MEDIUM,7.67,84,84,644.28
08/02/2025,LARGE,8,148,148,1184
08/02/2025,X-LARGE,8.6,56,56,481.6
08/02/2025,JUMBO,9.33,18,18,167.94
09/02/2025,PULLETS,5,0,0,0
09/02/2025,SMALL,7,0,0,0
09/02/2025,MEDIUM,7.67,0,0,0
09/02/2025,LARGE,8,0,0,0
09/02/2025,X-LARGE,8.6,0,0,0
09/02/2025,JUMBO,9.33,0,0,0
10/02/2025,PULLETS,5,0,0,0
10/02/2025,SMALL,7,0,0,0
10/02/2025,MEDIUM,7.67,0,0,0
10/02/2025,LARGE,8,0,0,0
10/02/2025,X-LARGE,8.6,0,0,0
10/02/2025,JUMBO,9.33,0,0,0
11/02/2025,PULLETS,5,0,0,0
11/02/2025,SMALL,7,44,44,308
11/02/2025,MEDIUM,7.67,110,110,843.7
11/02/2025,LARGE,8,136,136,1088
11/02/2025,X-LARGE,8.6,76,76,653.6
11/02/2025,JUMBO,9.33,23,23,214.59
12/02/2025,PULLETS,5,0,0,0
12/02/2025,SMALL,7,15,15,105
12/02/2025,MEDIUM,7.67,102,102,782.34
12/02/2025,LARGE,8,105,105,840
12/02/2025,X-LARGE,8.6,68,68,584.8
12/02/2025,JUMBO,9.33,39,39,363.87
13/02/2025,PULLETS,5,1,1,5
13/02/2025,SMALL,7,33,33,231
13/02/2025,MEDIUM,7.67,106,106,813.02
13/02/2025,LARGE,8,105,105,840
13/02/2025,X-LARGE,8.6,62,62,533.2
13/02/2025,JUMBO,9.33,24,24,223.92
14/02/2025,PULLETS,5,2,2,10
14/02/2025,SMALL,7,16,16,112
14/02/2025,MEDIUM,7.67,80,80,613.6
14/02/2025,LARGE,8,148,148,1184
14/02/2025,X-LARGE,8.6,74,74,636.4
14/02/2025,JUMBO,9.33,10,10,93.3
15/02/2025,PULLETS,5,0,0,0
15/02/2025,SMALL,7,16,16,112
15/02/2025,MEDIUM,7.67,106,106,813.02
15/02/2025,LARGE,8,122,122,976
15/02/2025,X-LARGE,8.6,67,67,576.2
15/02/2025,JUMBO,9.33,22,22,205.26
16/02/2025,PULLETS,5,0,0,0
16/02/2025,SMALL,7,27,27,189
16/02/2025,MEDIUM,7.67,97,97,743.99
16/02/2025,LARGE,8,106,106,848
16/02/2025,X-LARGE,8.6,73,73,627.8
16/02/2025,JUMBO,9.33,24,24,223.92
17/02/2025,PULLETS,5,0,0,0
17/02/2025,SMALL,7,24,24,168
17/02/2025,MEDIUM,7.67,112,112,859.04
17/02/2025,LARGE,8,112,112,896
17/02/2025,X-LARGE,8.6,70,70,602
17/02/2025,JUMBO,9.33,13,13,121.29
18/02/2025,PULLETS,5,0,0,0
18/02/2025,SMALL,7,33,33,231
18/02/2025,MEDIUM,7.67,95,95,728.65
18/02/2025,LARGE,8,128,128,1024
18/02/2025,X-LARGE,8.6,79,79,679.4
18/02/2025,JUMBO,9.33,21,21,195.93
19/02/2025,PULLETS,5,0,0,0
19/02/2025,SMALL,7,32,32,224
19/02/2025,MEDIUM,7.67,112,112,859.04
19/02/2025,LARGE,8,118,118,944
19/02/2025,X-LARGE,8.6,57,57,490.2
19/02/2025,JUMBO,9.33,11,11,102.63
20/02/2025,PULLETS,5,2,2,10
20/02/2025,SMALL,7,22,22,154
20/02/2025,MEDIUM,7.67,104,104,797.68
20/02/2025,LARGE,8,129,129,1032
20/02/2025,X-LARGE,8.6,55,55,473
20/02/2025,JUMBO,9.33,16,16,149.28
21/02/2025,PULLETS,5,0,0,0
21/02/2025,SMALL,7,22,22,154
21/02/2025,MEDIUM,7.67,111,111,851.37
21/02/2025,LARGE,8,110,110,880
21/02/2025,X-LARGE,8.6,63,63,541.8
21/02/2025,JUMBO,9.33,9,9,83.97
22/02/2025,PULLETS,5,1,1,5
22/02/2025,SMALL,7,45,45,315
22/02/2025,MEDIUM,7.67,122,122,935.74
22/02/2025,LARGE,8,92,92,736
22/02/2025,X-LARGE,8.6,44,44,378.4
22/02/2025,JUMBO,9.33,19,19,177.27
23/02/2025,PULLETS,5,2,2,10
23/02/2025,SMALL,7,17,17,119
23/02/2025,MEDIUM,7.67,107,107,820.69
23/02/2025,LARGE,8,122,122,976
23/02/2025,X-LARGE,8.6,69,69,593.4
23/02/2025,JUMBO,9.33,12,12,111.96
24/02/2025,PULLETS,5,0,0,0
24/02/2025,SMALL,7,32,32,224
24/02/2025,MEDIUM,7.67,110,110,843.7
24/02/2025,LARGE,8,128,128,1024
24/02/2025,X-LARGE,8.6,49,49,421.4
24/02/2025,JUMBO,9.33,10,10,93.3
25/02/2025,PULLETS,5,0,0,0
25/02/2025,SMALL,7,29,29,203
25/02/2025,MEDIUM,7.67,99,99,759.33
25/02/2025,LARGE,8,127,127,1016
25/02/2025,X-LARGE,8.6,55,55,473
25/02/2025,JUMBO,9.33,22,22,205.26
26/02/2025,PULLETS,5,1,1,5
26/02/2025,SMALL,7,31,31,217
26/02/2025,MEDIUM,7.67,155,115,882.05
26/02/2025,LARGE,8,135,135,1080
26/02/2025,X-LARGE,8.6,50,50,430
26/02/2025,JUMBO,9.33,10,10,93.3
27/02/2025,PULLETS,5,0,0,0
27/02/2025,SMALL,7,25,25,175
27/02/2025,MEDIUM,7.67,116,116,889.72
27/02/2025,LARGE,8,128,128,1024
27/02/2025,X-LARGE,8.6,57,57,490.2
27/02/2025,JUMBO,9.33,17,17,158.61
28/02/2025,PULLETS,5,0,0,0
28/02/2025,SMALL,7,32,32,224
28/02/2025,MEDIUM,7.67,100,100,767
28/02/2025,LARGE,8,127,127,1016
28/02/2025,X-LARGE,8.6,57,56.97674419,490
28/02/2025,JUMBO,9.33,12,12,111.96
01/03/2025,PULLETS,5,0,0,0
01/03/2025,SMALL,7,28,28,196
01/03/2025,MEDIUM,7.67,90,90,690.3
01/03/2025,LARGE,8,123,123,984
01/03/2025,X-LARGE,8.6,66,66,567.6
01/03/2025,JUMBO,9.33,14,14,130.62
02/03/2025,PULLETS,5,0,0,0
02/03/2025,SMALL,7,31,31,217
02/03/2025,MEDIUM,7.67,126,126,966.42
02/03/2025,LARGE,8,147,147,1176
02/03/2025,X-LARGE,8.6,74,74,636.4
02/03/2025,JUMBO,9.33,22,22,205.26
03/03/2025,PULLETS,5,0,0,0
03/03/2025,SMALL,7,34,34,238
03/03/2025,MEDIUM,7.67,101,97.08865711,744.67
03/03/2025,LARGE,8,129,129,1032
03/03/2025,X-LARGE,8.6,48,48,412.8
03/03/2025,JUMBO,9.33,21,21,195.93
04/03/2025,PULLETS,5,1,1,5
04/03/2025,SMALL,7,32,32,224
04/03/2025,MEDIUM,7.67,92,92,705.64
04/03/2025,LARGE,8,131,131,1048
04/03/2025,X-LARGE,8.6,54,54,464.4
04/03/2025,JUMBO,9.33,17,17,158.61
05/03/2025,PULLETS,5,0,0,0
05/03/2025,SMALL,7,12,12,84
05/03/2025,MEDIUM,7.67,73,73,559.91
05/03/2025,LARGE,8,120,120,960
05/03/2025,X-LARGE,8.6,92,92,791.2
05/03/2025,JUMBO,9.33,33,33,307.89
06/03/2025,PULLETS,5,1,1,5
06/03/2025,SMALL,7,21,21,147
06/03/2025,MEDIUM,7.67,92,92,705.64
06/03/2025,LARGE,8,127,127,1016
06/03/2025,X-LARGE,8.6,61,61,524.6
06/03/2025,JUMBO,9.33,19,19,177.27
07/03/2025,PULLETS,5,1,1,5
07/03/2025,SMALL,7,14,14,98
07/03/2025,MEDIUM,7.67,91,91,697.97
07/03/2025,LARGE,8,134,134,1072
07/03/2025,X-LARGE,8.6,63,63,541.8
07/03/2025,JUMBO,9.33,21,21,195.93
08/03/2025,PULLETS,5,0,0,0
08/03/2025,SMALL,7,16,16,112
08/03/2025,MEDIUM,7.67,73,73,559.91
08/03/2025,LARGE,8,117,117,936
08/03/2025,X-LARGE,8.6,80,80,688
08/03/2025,JUMBO,9.33,43,43,401.19
09/03/2025,PULLETS,5,0,0,0
09/03/2025,SMALL,7,11,11,77
09/03/2025,MEDIUM,7.67,45,45,345.15
09/03/2025,LARGE,8,109,109,872
09/03/2025,X-LARGE,8.6,110,110,946
09/03/2025,JUMBO,9.33,52,52,485.16
10/03/2025,PULLETS,5,0,0,0
10/03/2025,SMALL,7,29,29,203
10/03/2025,MEDIUM,7.67,99,99,759.33
10/03/2025,LARGE,8,113,113,904
10/03/2025,X-LARGE,8.6,52,52,447.2
10/03/2025,JUMBO,9.33,25,25,233.25
11/03/2025,PULLETS,5,0,0,0
11/03/2025,SMALL,7,42,42,294
11/03/2025,MEDIUM,7.67,105,105,805.35
11/03/2025,LARGE,8,128,128,1024
11/03/2025,X-LARGE,8.6,43,43,369.8
11/03/2025,JUMBO,9.33,19,19,177.27
12/03/2025,PULLETS,5,0,0,0
12/03/2025,SMALL,7,65,65,455
12/03/2025,MEDIUM,7.67,192,192,1472.64
12/03/2025,LARGE,8,179,179,1432
12/03/2025,X-LARGE,8.6,54,54,464.4
12/03/2025,JUMBO,9.33,14,14,130.62
13/03/2025,PULLETS,5,1,1,5
13/03/2025,SMALL,7,44,44,308
13/03/2025,MEDIUM,7.67,106,106,813.02
13/03/2025,LARGE,8,112,112,896
13/03/2025,X-LARGE,8.6,47,47,404.2
13/03/2025,JUMBO,9.33,13,13,121.29
14/03/2025,PULLETS,5,0,0,0
14/03/2025,SMALL,7,36,36,252
14/03/2025,MEDIUM,7.67,130,130,997.1
14/03/2025,LARGE,8,100,100,800
14/03/2025,X-LARGE,8.6,47,47,404.2
14/03/2025,JUMBO,9.33,10,10,93.3
15/03/2025,PULLETS,5,0,0,0
15/03/2025,SMALL,7,51,51,357
15/03/2025,MEDIUM,7.67,117,117,897.39
15/03/2025,LARGE,8,95,95,760
15/03/2025,X-LARGE,8.6,47,47,404.2
15/03/2025,JUMBO,9.33,12,12,111.96
16/03/2025,PULLETS,5,0,0,0
16/03/2025,SMALL,7,35,35,245
16/03/2025,MEDIUM,7.67,93,93,713.31
16/03/2025,LARGE,8,108,108,864
16/03/2025,X-LARGE,8.6,59,59,507.4
16/03/2025,JUMBO,9.33,14,14,130.62
17/03/2025,PULLETS,5,1,1,5
17/03/2025,SMALL,7,38,38,266
17/03/2025,MEDIUM,7.67,111,111,851.37
17/03/2025,LARGE,8,99,99,792
17/03/2025,X-LARGE,8.6,63,63,541.8
17/03/2025,JUMBO,9.33,8,8,74.64
18/03/2025,PULLETS,5,3,3,15
18/03/2025,SMALL,7,48,48,336
18/03/2025,MEDIUM,7.67,103,103,790.01
18/03/2025,LARGE,8,99,99,792
18/03/2025,X-LARGE,8.6,45,45,387
18/03/2025,JUMBO,9.33,12,12,111.96
19/03/2025,PULLETS,5,0,0,0
19/03/2025,SMALL,7,38,38,266
19/03/2025,MEDIUM,7.67,101,101,774.67
19/03/2025,LARGE,8,111,111,888
19/03/2025,X-LARGE,8.6,50,50,430
19/03/2025,JUMBO,9.33,10,10,93.3
20/03/2025,PULLETS,5,1,1,5
20/03/2025,SMALL,7,31,31,217
20/03/2025,MEDIUM,7.67,118,118,905.06
20/03/2025,LARGE,8,99,99,792
20/03/2025,X-LARGE,8.6,45,45,387
20/03/2025,JUMBO,9.33,14,14,130.62
21/03/2025,PULLETS,5,1,1,5
21/03/2025,SMALL,7,47,47,329
21/03/2025,MEDIUM,7.67,98,98,751.66
21/03/2025,LARGE,8,117,117,936
21/03/2025,X-LARGE,8.6,34,34,292.4
21/03/2025,JUMBO,9.33,12,12,111.96
22/03/2025,PULLETS,5,1,1,5
22/03/2025,SMALL,7,36,36,252
22/03/2025,MEDIUM,7.67,108,108,828.36
22/03/2025,LARGE,8,104,104,832
22/03/2025,X-LARGE,8.6,38,38,326.8
22/03/2025,JUMBO,9.33,11,11,102.63
23/03/2025,PULLETS,5,0,0,0
23/03/2025,SMALL,7,35,35,245
23/03/2025,MEDIUM,7.67,97,97,743.99
23/03/2025,LARGE,8,101,101,808
23/03/2025,X-LARGE,8.6,43,43,369.8
23/03/2025,JUMBO,9.33,14,14,130.62
24/03/2025,PULLETS,5,0,0,0
24/03/2025,SMALL,7,39,39,273
24/03/2025,MEDIUM,7.67,95,95,728.65
24/03/2025,LARGE,8,110,110,880
24/03/2025,X-LARGE,8.6,38,38,326.8
24/03/2025,JUMBO,9.33,19,19,177.27
25/03/2025,PULLETS,5,0,0,0
25/03/2025,SMALL,7,31,31,217
25/03/2025,MEDIUM,7.67,114,114,874.38
25/03/2025,LARGE,8,105,105,840
25/03/2025,X-LARGE,8.6,39,39,335.4
25/03/2025,JUMBO,9.33,4,4,37.32
26/03/2025,PULLETS,5,0,0,0
26/03/2025,SMALL,7,30,30,210
26/03/2025,MEDIUM,7.67,101,101,774.67
26/03/2025,LARGE,8,113,113,904
26/03/2025,X-LARGE,8.6,37,37,318.2
26/03/2025,JUMBO,9.33,13,13,121.29
27/03/2025,PULLETS,5,0,0,0
27/03/2025,SMALL,7,32,32,224
27/03/2025,MEDIUM,7.67,95,95,728.65
27/03/2025,LARGE,8,118,118,944
27/03/2025,X-LARGE,8.6,50,50,430
27/03/2025,JUMBO,9.33,17,17,158.61
28/03/2025,PULLETS,5,1,1,5
28/03/2025,SMALL,7,30,30,210
28/03/2025,MEDIUM,7.67,86,86,659.62
28/03/2025,LARGE,8,115,115,920
28/03/2025,X-LARGE,8.6,46,46,395.6
28/03/2025,JUMBO,9.33,21,21,195.93
29/03/2025,PULLETS,5,0,0,0
29/03/2025,SMALL,7,32,32,224
29/03/2025,MEDIUM,7.67,87,87,667.29
29/03/2025,LARGE,8,124,124,992
29/03/2025,X-LARGE,8.6,43,43,369.8
29/03/2025,JUMBO,9.33,17,17,158.61
30/03/2025,PULLETS,5,6,5,25
30/03/2025,SMALL,7,28,28,196
30/03/2025,MEDIUM,7.67,107,107,820.69
30/03/2025,LARGE,8,104,104,832
30/03/2025,X-LARGE,8.6,39,39,335.4
30/03/2025,JUMBO,9.33,11,11,102.63
31/03/2025,PULLETS,5,0,0,0
31/03/2025,SMALL,7,24,24,168
31/03/2025,MEDIUM,7.67,99,99,759.33
31/03/2025,LARGE,8,109,109,872
31/03/2025,X-LARGE,8.6,44,44,378.4
31/03/2025,JUMBO,9.33,8,8,74.64
01/04/2025,PULLETS,5,3,3,15
01/04/2025,SMALL,7,24,24,168
01/04/2025,MEDIUM,7.67,110,110,843.7
01/04/2025,LARGE,8,89,89,712
01/04/2025,X-LARGE,8.6,42,42,361.2
01/04/2025,JUMBO,9.33,10,10,93.3
02/04/2025,PULLETS,5,3,3,15
02/04/2025,SMALL,7,25,35,245
02/04/2025,MEDIUM,7.67,87,87,667.29
02/04/2025,LARGE,8,97,97,776
02/04/2025,X-LARGE,8.6,56,56,481.6
02/04/2025,JUMBO,9.33,13,13,121.29
03/04/2025,PULLETS,5,1,1,5
03/04/2025,SMALL,7,25,25,175
03/04/2025,MEDIUM,7.67,107,107,820.69
03/04/2025,LARGE,8,108,108,864
03/04/2025,X-LARGE,8.6,40,40,344
03/04/2025,JUMBO,9.33,19,19,177.27
04/04/2025,PULLETS,5,3,3,15
04/04/2025,SMALL,7,38,38,266
04/04/2025,MEDIUM,7.67,109,109,836.03
04/04/2025,LARGE,8,92,92,736
04/04/2025,X-LARGE,8.6,44,44,378.4
04/04/2025,JUMBO,9.33,15,15,139.95
05/04/2025,PULLETS,5,1,1,5
05/04/2025,SMALL,7,33,33,231
05/04/2025,MEDIUM,7.67,87,87,667.29
05/04/2025,LARGE,8,98,98,784
05/04/2025,X-LARGE,8.6,48,48,412.8
05/04/2025,JUMBO,9.33,17,17,158.61
06/04/2025,PULLETS,5,2,2,10
06/04/2025,SMALL,7,17,17,119
06/04/2025,MEDIUM,7.67,93,93,713.31
06/04/2025,LARGE,8,101,101,808
06/04/2025,X-LARGE,8.6,60,60,516
06/04/2025,JUMBO,9.33,27,27,251.91
07/04/2025,PULLETS,5,0,0,0
07/04/2025,SMALL,7,17,17,119
07/04/2025,MEDIUM,7.67,80,80,613.6
07/04/2025,LARGE,8,114,114,912
07/04/2025,X-LARGE,8.6,52,52,447.2
07/04/2025,JUMBO,9.33,40,40,373.2
08/04/2025,PULLETS,5,2,2,10
08/04/2025,SMALL,7,32,32,224
08/04/2025,MEDIUM,7.67,110,110,843.7
08/04/2025,LARGE,8,104,104,832
08/04/2025,X-LARGE,8.6,40,40,344
08/04/2025,JUMBO,9.33,90,90,839.7
09/04/2025,PULLETS,5,0,0,0
09/04/2025,SMALL,7,30,30,210
09/04/2025,MEDIUM,7.67,88,88,674.96
09/04/2025,LARGE,8,101,101,808
09/04/2025,X-LARGE,8.6,62,62,533.2
09/04/2025,JUMBO,9.33,12,12,111.96
10/04/2025,PULLETS,5,2,2,10
10/04/2025,SMALL,7,28,28,196
10/04/2025,MEDIUM,7.67,92,92,705.64
10/04/2025,LARGE,8,99,99,792
10/04/2025,X-LARGE,8.6,46,46,395.6
10/04/2025,JUMBO,9.33,20,20,186.6
11/04/2025,PULLETS,5,2,2,10
11/04/2025,SMALL,7,31,31,217
11/04/2025,MEDIUM,7.67,87,87,667.29
11/04/2025,LARGE,8,101,101,808
11/04/2025,X-LARGE,8.6,46,46,395.6
11/04/2025,JUMBO,9.33,21,21,195.93
12/04/2025,PULLETS,5,3,3,15
12/04/2025,SMALL,7,37,37,259
12/04/2025,MEDIUM,7.67,91,91,697.97
12/04/2025,LARGE,8,109,109,872
12/04/2025,X-LARGE,8.6,48,48,412.8
12/04/2025,JUMBO,9.33,15,15,139.95
13/04/2025,PULLETS,5,0,0,0
13/04/2025,SMALL,7,44,44,308
13/04/2025,MEDIUM,7.67,104,104,797.68
13/04/2025,LARGE,8,90,90,720
13/04/2025,X-LARGE,8.6,40,40,344
13/04/2025,JUMBO,9.33,9,9,83.97
14/04/2025,PULLETS,5,0,0,0
14/04/2025,SMALL,7,40,40,280
14/04/2025,MEDIUM,7.67,104,104,797.68
14/04/2025,LARGE,8,88,88,704
14/04/2025,X-LARGE,8.6,40,40,344
14/04/2025,JUMBO,9.33,11,11,102.63
15/04/2025,PULLETS,5,2,2,10
15/04/2025,SMALL,7,36,36,252
15/04/2025,MEDIUM,7.67,94,94,720.98
15/04/2025,LARGE,8,116,116,928
15/04/2025,X-LARGE,8.6,41,41,352.6
15/04/2025,JUMBO,9.33,12,12,111.96
16/04/2025,PULLETS,5,0,0,0
16/04/2025,SMALL,7,31,31,217
16/04/2025,MEDIUM,7.67,97,97,743.99
16/04/2025,LARGE,8,105,105,840
16/04/2025,X-LARGE,8.6,44,44,378.4
16/04/2025,JUMBO,9.33,17,17,158.61
17/04/2025,PULLETS,5,0,0,0
17/04/2025,SMALL,7,28,28,196
17/04/2025,MEDIUM,7.67,114,114,874.38
17/04/2025,LARGE,8,106,106,848
17/04/2025,X-LARGE,8.6,54,54,464.4
17/04/2025,JUMBO,9.33,15,15,139.95
18/04/2025,PULLETS,5,0,0,0
18/04/2025,SMALL,7,28,28,196
18/04/2025,MEDIUM,7.67,87,87,667.29
18/04/2025,LARGE,8,101,101,808
18/04/2025,X-LARGE,8.6,50,50,430
18/04/2025,JUMBO,9.33,15,15,139.95
19/04/2025,PULLETS,5,0,0,0
19/04/2025,SMALL,7,38,38,266
19/04/2025,MEDIUM,7.67,75,75,575.25
19/04/2025,LARGE,8,104,104,832
19/04/2025,X-LARGE,8.6,49,49,421.4
19/04/2025,JUMBO,9.33,14,14,130.62
20/04/2025,PULLETS,5,1,1,5
20/04/2025,SMALL,7,29,29,203
20/04/2025,MEDIUM,7.67,86,86,659.62
20/04/2025,LARGE,8,94,94,752
20/04/2025,X-LARGE,8.6,50,50,430
20/04/2025,JUMBO,9.33,14,14,130.62
21/04/2025,PULLETS,5,0,0,0
21/04/2025,SMALL,7,14,14,98
21/04/2025,MEDIUM,7.67,93,93,713.31
21/04/2025,LARGE,8,130,130,1040
21/04/2025,X-LARGE,8.6,74,74,636.4
21/04/2025,JUMBO,9.33,11,11,102.63
22/04/2025,PULLETS,5,0,0,0
22/04/2025,SMALL,7,44,44,308
22/04/2025,MEDIUM,7.67,73,73,559.91
22/04/2025,LARGE,8,109,109,872
22/04/2025,X-LARGE,8.6,42,42,361.2
22/04/2025,JUMBO,9.33,13,13,121.29
23/04/2025,PULLETS,5,2,2,10
23/04/2025,SMALL,7,39,39,273
23/04/2025,MEDIUM,7.67,88,88,674.96
23/04/2025,LARGE,8,105,105,840
23/04/2025,X-LARGE,8.6,39,39,335.4
23/04/2025,JUMBO,9.33,9,9,83.97
24/04/2025,PULLETS,5,1,1,5
24/04/2025,SMALL,7,35,35,245
24/04/2025,MEDIUM,7.67,89,89,682.63
24/04/2025,LARGE,8,110,110,880
24/04/2025,X-LARGE,8.6,42,42,361.2
24/04/2025,JUMBO,9.33,9,9,83.97
25/04/2025,PULLETS,5,0,0,0
25/04/2025,SMALL,7,33,33,231
25/04/2025,MEDIUM,7.67,85,85,651.95
25/04/2025,LARGE,8,97,97,776
25/04/2025,X-LARGE,8.6,40,40,344
25/04/2025,JUMBO,9.33,8,8,74.64
26/04/2025,PULLETS,5,0,0,0
26/04/2025,SMALL,7,29,29,203
26/04/2025,MEDIUM,7.67,66,66,506.22
26/04/2025,LARGE,8,93,93,744
26/04/2025,X-LARGE,8.6,56,56,481.6
26/04/2025,JUMBO,9.33,14,14,130.62
27/04/2025,PULLETS,5,0,0,0
27/04/2025,SMALL,7,24,24,168
27/04/2025,MEDIUM,7.67,74,74,567.58
27/04/2025,LARGE,8,100,100,800
27/04/2025,X-LARGE,8.6,61,61,524.6
27/04/2025,JUMBO,9.33,8,8,74.64
28/04/2025,PULLETS,5,1,1,5
28/04/2025,SMALL,7,19,19,133
28/04/2025,MEDIUM,7.67,71,71,544.57
28/04/2025,LARGE,8,92,92,736
28/04/2025,X-LARGE,8.6,52,52,447.2
28/04/2025,JUMBO,9.33,4,4,37.32
29/04/2025,PULLETS,5,1,1,5
29/04/2025,SMALL,7,20,20,140
29/04/2025,MEDIUM,7.67,68,68,521.56
29/04/2025,LARGE,8,93,93,744
29/04/2025,X-LARGE,8.6,54,54,464.4
29/04/2025,JUMBO,9.33,16,16,149.28
30/04/2025,PULLETS,5,0,0,0
30/04/2025,SMALL,7,17,17,119
30/04/2025,MEDIUM,7.67,70,70,536.9
30/04/2025,LARGE,8,90,90,720
30/04/2025,X-LARGE,8.6,57,57,490.2
30/04/2025,JUMBO,9.33,23,23,214.59
01/05/2025,PULLETS,5,3,3,15
01/05/2025,SMALL,7,31,31,217
01/05/2025,MEDIUM,7.67,84,84,644.28
01/05/2025,LARGE,8,71,71,568
01/05/2025,X-LARGE,8.6,37,37,318.2
01/05/2025,JUMBO,9.33,9,9,83.97
02/05/2025,PULLETS,5,3,3,15
02/05/2025,SMALL,7,25,25,175
02/05/2025,MEDIUM,7.67,86,86,659.62
02/05/2025,LARGE,8,91,91,728
02/05/2025,X-LARGE,8.6,33,33,283.8
02/05/2025,JUMBO,9.33,11,11,102.63
03/05/2025,PULLETS,5,1,1,5
03/05/2025,SMALL,7,26,26,182
03/05/2025,MEDIUM,7.67,76,76,582.92
03/05/2025,LARGE,8,79,79,632
03/05/2025,X-LARGE,8.6,34,34,292.4
03/05/2025,JUMBO,9.33,15,15,139.95
04/05/2025,PULLETS,5,3,3,15
04/05/2025,SMALL,7,31,31,217
04/05/2025,MEDIUM,7.67,77,77,590.59
04/05/2025,LARGE,8,80,80,640
04/05/2025,X-LARGE,8.6,37,37,318.2
04/05/2025,JUMBO,9.33,11,11,102.63
05/05/2025,PULLETS,5,1,1,5
05/05/2025,SMALL,7,36,36,252
05/05/2025,MEDIUM,7.67,84,84,644.28
05/05/2025,LARGE,8,95,95,760
05/05/2025,X-LARGE,8.6,33,33,283.8
05/05/2025,JUMBO,9.33,7,7,65.31
06/05/2025,PULLETS,5,1,1,5
06/05/2025,SMALL,7,45,45,315
06/05/2025,MEDIUM,7.67,74,74,567.58
06/05/2025,LARGE,8,96,96,768
06/05/2025,X-LARGE,8.6,22,22,189.2
06/05/2025,JUMBO,9.33,9,9,83.97
07/05/2025,PULLETS,5,0,0,0
07/05/2025,SMALL,7,26,26,182
07/05/2025,MEDIUM,7.67,75,75,575.25
07/05/2025,LARGE,8,89,89,712
07/05/2025,X-LARGE,8.6,41,41,352.6
07/05/2025,JUMBO,9.33,13,13,121.29
08/05/2025,PULLETS,5,2,2,10
08/05/2025,SMALL,7,29,29,203
08/05/2025,MEDIUM,7.67,91,91,697.97
08/05/2025,LARGE,8,95,95,760
08/05/2025,X-LARGE,8.6,39,39,335.4
08/05/2025,JUMBO,9.33,13,13,121.29
09/05/2025,PULLETS,5,1,1,5
09/05/2025,SMALL,7,29,29,203
09/05/2025,MEDIUM,7.67,85,85,651.95
09/05/2025,LARGE,8,88,88,704
09/05/2025,X-LARGE,8.6,41,41,352.6
09/05/2025,JUMBO,9.33,13,13,121.29
10/05/2025,PULLETS,5,3,3,15
10/05/2025,SMALL,7,28,28,196
10/05/2025,MEDIUM,7.67,76,76,582.92
10/05/2025,LARGE,8,93,93,744
10/05/2025,X-LARGE,8.6,43,43,369.8
10/05/2025,JUMBO,9.33,11,11,102.63
11/05/2025,PULLETS,5,4,4,20
11/05/2025,SMALL,7,24,24,168
11/05/2025,MEDIUM,7.67,94,94,720.98
11/05/2025,LARGE,8,80,80,640
11/05/2025,X-LARGE,8.6,32,32,275.2
11/05/2025,JUMBO,9.33,10,10,93.3
12/05/2025,PULLETS,5,0,0,0
12/05/2025,SMALL,7,30,30,210
12/05/2025,MEDIUM,7.67,87,87,667.29
12/05/2025,LARGE,8,85,85,680
12/05/2025,X-LARGE,8.6,33,33,283.8
12/05/2025,JUMBO,9.33,14,14,130.62
13/05/2025,PULLETS,5,3,3,15
13/05/2025,SMALL,7,33,33,231
13/05/2025,MEDIUM,7.67,74,74,567.58
13/05/2025,LARGE,8,74,74,592
13/05/2025,X-LARGE,8.6,36,36,309.6
13/05/2025,JUMBO,9.33,13,13,121.29
14/05/2025,PULLETS,5,2,2,10
14/05/2025,SMALL,7,25,25,175
14/05/2025,MEDIUM,7.67,84,84,644.28
14/05/2025,LARGE,8,76,76,608
14/05/2025,X-LARGE,8.6,30,30,258
14/05/2025,JUMBO,9.33,14,14,130.62
15/05/2025,PULLETS,5,3,3,15
15/05/2025,SMALL,7,24,24,168
15/05/2025,MEDIUM,7.67,81,81,621.27
15/05/2025,LARGE,8,74,74,592
15/05/2025,X-LARGE,8.6,32,32,275.2
15/05/2025,JUMBO,9.33,10,10,93.3
16/05/2025,PULLETS,5,5,5,25
16/05/2025,SMALL,7,13,13,91
16/05/2025,MEDIUM,7.67,92,92,705.64
16/05/2025,LARGE,8,86,86,688
16/05/2025,X-LARGE,8.6,23,23,197.8
16/05/2025,JUMBO,9.33,10,10,93.3
17/05/2025,PULLETS,5,1,1,5
17/05/2025,SMALL,7,30,30,210
17/05/2025,MEDIUM,7.67,77,77,590.59
17/05/2025,LARGE,8,74,74,592
17/05/2025,X-LARGE,8.6,29,29,249.4
17/05/2025,JUMBO,9.33,9,9,83.97
18/05/2025,PULLETS,5,2,2,10
18/05/2025,SMALL,7,29,29,203
18/05/2025,MEDIUM,7.67,78,78,598.26
18/05/2025,LARGE,8,74,74,592
18/05/2025,X-LARGE,8.6,23,23,197.8
18/05/2025,JUMBO,9.33,10,10,93.3
19/05/2025,PULLETS,5,2,2,10
19/05/2025,SMALL,7,32,32,224
19/05/2025,MEDIUM,7.67,76,76,582.92
19/05/2025,LARGE,8,69,69,552
19/05/2025,X-LARGE,8.6,27,27,232.2
19/05/2025,JUMBO,9.33,7,7,65.31
20/05/2025,PULLETS,5,2,2,10
20/05/2025,SMALL,7,19,19,133
20/05/2025,MEDIUM,7.67,76,76,582.92
20/05/2025,LARGE,8,69,69,552
20/05/2025,X-LARGE,8.6,45,45,387
20/05/2025,JUMBO,9.33,12,12,111.96
21/05/2025,PULLETS,5,2,2,10
21/05/2025,SMALL,7,18,18,126
21/05/2025,MEDIUM,7.67,75,75,575.25
21/05/2025,LARGE,8,80,80,640
21/05/2025,X-LARGE,8.6,37,37,318.2
21/05/2025,JUMBO,9.33,15,15,139.95
22/05/2025,PULLETS,5,2,2,10
22/05/2025,SMALL,7,21,21,147
22/05/2025,MEDIUM,7.67,80,80,613.6
22/05/2025,LARGE,8,76,76,608
22/05/2025,X-LARGE,8.6,29,29,249.4
22/05/2025,JUMBO,9.33,11,11,102.63
23/05/2025,PULLETS,5,1,1,5
23/05/2025,SMALL,7,22,22,154
23/05/2025,MEDIUM,7.67,68,68,521.56
23/05/2025,LARGE,8,81,81,648
23/05/2025,X-LARGE,8.6,31,31,266.6
23/05/2025,JUMBO,9.33,17,17,158.61
24/05/2025,PULLETS,5,1,1,5
24/05/2025,SMALL,7,23,23,161
24/05/2025,MEDIUM,7.67,79,79,605.93
24/05/2025,LARGE,8,77,77,616
24/05/2025,X-LARGE,8.6,42,42,361.2
24/05/2025,JUMBO,9.33,7,7,65.31
25/05/2025,PULLETS,5,1,1,5
25/05/2025,SMALL,7,21,21,147
25/05/2025,MEDIUM,7.67,84,84,644.28
25/05/2025,LARGE,8,59,59,472
25/05/2025,X-LARGE,8.6,33,33,283.8
25/05/2025,JUMBO,9.33,11,11,102.63
26/05/2025,PULLETS,5,1,1,5
26/05/2025,SMALL,7,22,22,154
26/05/2025,MEDIUM,7.67,77,77,590.59
26/05/2025,LARGE,8,63,63,504
26/05/2025,X-LARGE,8.6,43,43,369.8
26/05/2025,JUMBO,9.33,9,9,83.97
27/05/2025,PULLETS,5,3,3,15
27/05/2025,SMALL,7,18,18,126
27/05/2025,MEDIUM,7.67,61,61,467.87
27/05/2025,LARGE,8,71,71,568
27/05/2025,X-LARGE,8.6,40,40,344
27/05/2025,JUMBO,9.33,14,14,130.62
28/05/2025,PULLETS,5,2,2,10
28/05/2025,SMALL,7,11,11,77
28/05/2025,MEDIUM,7.67,61,61,467.87
28/05/2025,LARGE,8,82,82,656
28/05/2025,X-LARGE,8.6,41,41,352.6
28/05/2025,JUMBO,9.33,18,18,167.94
29/05/2025,PULLETS,5,2,2,10
29/05/2025,SMALL,7,18,18,126
29/05/2025,MEDIUM,7.67,54,54,414.18
29/05/2025,LARGE,8,69,69,552
29/05/2025,X-LARGE,8.6,44,44,378.4
29/05/2025,JUMBO,9.33,16,16,149.28
30/05/2025,PULLETS,5,2,2,10
30/05/2025,SMALL,7,12,12,84
30/05/2025,MEDIUM,7.67,66,66,506.22
30/05/2025,LARGE,8,69,69,552
30/05/2025,X-LARGE,8.6,46,46,395.6
30/05/2025,JUMBO,9.33,15,15,139.95
31/05/2025,PULLETS,5,0,0,0
31/05/2025,SMALL,7,21,21,147
31/05/2025,MEDIUM,7.67,64,64,490.88
31/05/2025,LARGE,8,75,75,600
31/05/2025,X-LARGE,8.6,32,32,275.2
31/05/2025,JUMBO,9.33,13,13,121.29
01/06/2025,PULLETS,5,0,0,0
01/06/2025,SMALL,7,6,6,42
01/06/2025,MEDIUM,7.67,69,69,529.23
01/06/2025,LARGE,8,66,66,528
01/06/2025,X-LARGE,8.6,49,49,421.4
01/06/2025,JUMBO,9.33,12,12,111.96
02/06/2025,PULLETS,5,2,2,10
02/06/2025,SMALL,7,10,10,70
02/06/2025,MEDIUM,7.67,66,66,506.22
02/06/2025,LARGE,8,59,59,472
02/06/2025,X-LARGE,8.6,45,45,387
02/06/2025,JUMBO,9.33,20,20,186.6
03/06/2025,PULLETS,5,1,1,5
03/06/2025,SMALL,7,22,22,154
03/06/2025,MEDIUM,7.67,55,55,421.85
03/06/2025,LARGE,8,68,68,544
03/06/2025,X-LARGE,8.6,36,36,309.6
03/06/2025,JUMBO,9.33,13,13,121.29
04/06/2025,PULLETS,5,0,0,0
04/06/2025,SMALL,7,17,17,119
04/06/2025,MEDIUM,7.67,50,50,383.5
04/06/2025,LARGE,8,69,69,552
04/06/2025,X-LARGE,8.6,25,25,215
04/06/2025,JUMBO,9.33,12,12,111.96
05/06/2025,PULLETS,5,0,0,0
05/06/2025,SMALL,7,18,18,126
05/06/2025,MEDIUM,7.67,46,46,352.82
05/06/2025,LARGE,8,57,57,456
05/06/2025,X-LARGE,8.6,28,28,240.8
05/06/2025,JUMBO,9.33,7,7,65.31
06/06/2025,PULLETS,5,0,0,0
06/06/2025,SMALL,7,17,17,119
06/06/2025,MEDIUM,7.67,45,45,345.15
06/06/2025,LARGE,8,59,59,472
06/06/2025,X-LARGE,8.6,27,27,232.2
06/06/2025,JUMBO,9.33,9,9,83.97
07/06/2025,PULLETS,5,0,0,0
07/06/2025,SMALL,7,16,16,112
07/06/2025,MEDIUM,7.67,46,46,352.82
07/06/2025,LARGE,8,57,57,456
07/06/2025,X-LARGE,8.6,36,36,309.6
07/06/2025,JUMBO,9.33,6,6,55.98
08/06/2025,PULLETS,5,0,0,0
08/06/2025,SMALL,7,21,21,147
08/06/2025,MEDIUM,7.67,37,37,283.79
08/06/2025,LARGE,8,47,47,376
08/06/2025,X-LARGE,8.6,26,26,223.6
08/06/2025,JUMBO,9.33,11,11,102.63
09/06/2025,PULLETS,5,1,1,5
09/06/2025,SMALL,7,11,11,77
09/06/2025,MEDIUM,7.67,37,37,283.79
09/06/2025,LARGE,8,56,56,448
09/06/2025,X-LARGE,8.6,30,30,258
09/06/2025,JUMBO,9.33,8,8,74.64
10/06/2025,PULLETS,5,2,2,10
10/06/2025,SMALL,7,10,10,70
10/06/2025,MEDIUM,7.67,37,37,283.79
10/06/2025,LARGE,8,43,43,344
10/06/2025,X-LARGE,8.6,27,27,232.2
10/06/2025,JUMBO,9.33,12,12,111.96
11/06/2025,PULLETS,5,1,1,5
11/06/2025,SMALL,7,11,11,77
11/06/2025,MEDIUM,7.67,47,47,360.49
11/06/2025,LARGE,8,37,37,296
11/06/2025,X-LARGE,8.6,21,21,180.6
11/06/2025,JUMBO,9.33,6,6,55.98
12/06/2025,PULLETS,5,1,1,5
12/06/2025,SMALL,7,11,11,77
12/06/2025,MEDIUM,7.67,45,45,345.15
12/06/2025,LARGE,8,43,43,344
12/06/2025,X-LARGE,8.6,19,19,163.4
12/06/2025,JUMBO,9.33,5,5,46.65
13/06/2025,PULLETS,5,1,1,5
13/06/2025,SMALL,7,16,16,112
13/06/2025,MEDIUM,7.67,44,44,337.48
13/06/2025,LARGE,8,33,33,264
13/06/2025,X-LARGE,8.6,22,22,189.2
13/06/2025,JUMBO,9.33,5,5,46.65
14/06/2025,PULLETS,5,1,1,5
14/06/2025,SMALL,7,13,13,91
14/06/2025,MEDIUM,7.67,47,47,360.49
14/06/2025,LARGE,8,40,40,320
14/06/2025,X-LARGE,8.6,15,15,129
14/06/2025,JUMBO,9.33,1,1,9.33
15/06/2025,PULLETS,5,1,1,5
15/06/2025,SMALL,7,18,18,126
15/06/2025,MEDIUM,7.67,35,35,268.45
15/06/2025,LARGE,8,30,30,240
15/06/2025,X-LARGE,8.6,15,15,129
15/06/2025,JUMBO,9.33,5,5,46.65
16/06/2025,PULLETS,5,1,1,5
16/06/2025,SMALL,7,13,13,91
16/06/2025,MEDIUM,7.67,33,33,253.11
16/06/2025,LARGE,8,33,33,264
16/06/2025,X-LARGE,8.6,10,10,86
16/06/2025,JUMBO,9.33,4,4,37.32
17/06/2025,PULLETS,5,2,2,10
17/06/2025,SMALL,7,17,17,119
17/06/2025,MEDIUM,7.67,34,34,260.78
17/06/2025,LARGE,8,34,34,272
17/06/2025,X-LARGE,8.6,19,19,163.4
17/06/2025,JUMBO,9.33,8,0,
18/06/2025,PULLETS,5,4,4,20
18/06/2025,SMALL,7,11,11,77
18/06/2025,MEDIUM,7.67,36,36,276.12
18/06/2025,LARGE,8,33,33,264
18/06/2025,X-LARGE,8.6,9,9,77.4
18/06/2025,JUMBO,9.33,3,3,27.99
19/06/2025,PULLETS,5,2,2,10
19/06/2025,SMALL,7,16,16,112
19/06/2025,MEDIUM,7.67,26,26,199.42
19/06/2025,LARGE,8,34,34,272
19/06/2025,X-LARGE,8.6,12,12,103.2
19/06/2025,JUMBO,9.33,4,4,37.32
20/06/2025,PULLETS,5,0,0,0
20/06/2025,SMALL,7,0,0,0
20/06/2025,MEDIUM,7.67,0,0,0
20/06/2025,LARGE,8,0,0,0
20/06/2025,X-LARGE,8.6,0,0,0
20/06/2025,JUMBO,9.33,0,0,0
21/06/2025,PULLETS,5,2,2,10
21/06/2025,SMALL,7,11,11,77
21/06/2025,MEDIUM,7.67,28,28,214.76
21/06/2025,LARGE,8,28,28,224
21/06/2025,X-LARGE,8.6,16,16,137.6
21/06/2025,JUMBO,9.33,3,3,27.99
22/06/2025,PULLETS,5,0,0,0
22/06/2025,SMALL,7,0,0,0
22/06/2025,MEDIUM,7.67,0,0,0
22/06/2025,LARGE,8,0,0,0
22/06/2025,X-LARGE,8.6,0,0,0
22/06/2025,JUMBO,9.33,0,0,0
23/06/2025,PULLETS,5,0,0,0
23/06/2025,SMALL,7,0,0,0
23/06/2025,MEDIUM,7.67,0,0,0
23/06/2025,LARGE,8,0,0,0
23/06/2025,X-LARGE,8.6,0,0,0
23/06/2025,JUMBO,9.33,0,0,
24/06/2025,PULLETS,5,0,0,0
24/06/2025,SMALL,7,0,0,0
24/06/2025,MEDIUM,7.67,0,0,0
24/06/2025,LARGE,8,0,0,0
24/06/2025,X-LARGE,8.6,0,0,0
24/06/2025,JUMBO,9.33,0,0,
25/06/2025,PULLETS,5,0,0,0
25/06/2025,SMALL,7,7,7,49
25/06/2025,MEDIUM,7.67,23,23,176.41
25/06/2025,LARGE,8,18,18,144
25/06/2025,X-LARGE,8.6,6,6,51.6
25/06/2025,JUMBO,9.33,3,3,27.99
26/06/2025,PULLETS,5,0,0,0
26/06/2025,SMALL,7,0,0,0
26/06/2025,MEDIUM,7.67,0,0,0
26/06/2025,LARGE,8,0,0,0
26/06/2025,X-LARGE,8.6,0,0,0
26/06/2025,JUMBO,9.33,0,0,
27/06/2025,PULLETS,5,0,0,0
27/06/2025,SMALL,7,0,0,0
27/06/2025,MEDIUM,7.67,0,0,0
27/06/2025,LARGE,8,0,0,0
27/06/2025,X-LARGE,8.6,0,0,0
27/06/2025,JUMBO,9.33,0,0,0
28/06/2025,PULLETS,5,0,0,0
28/06/2025,SMALL,7,0,0,0
28/06/2025,MEDIUM,7.67,0,0,0
28/06/2025,LARGE,8,0,0,0
28/06/2025,X-LARGE,8.6,0,0,0
28/06/2025,JUMBO,9.33,0,0,0
29/06/2025,PULLETS,5,0,0,0
29/06/2025,SMALL,7,0,0,0
29/06/2025,MEDIUM,7.67,0,0,0
29/06/2025,LARGE,8,0,0,0
29/06/2025,X-LARGE,8.6,0,0,0
29/06/2025,JUMBO,9.33,0,0,0
30/06/2025,PULLETS,5,0,0,0
30/06/2025,SMALL,7,0,0,0
30/06/2025,MEDIUM,7.67,0,0,0
30/06/2025,LARGE,8,0,0,0
30/06/2025,X-LARGE,8.6,0,0,0
30/06/2025,JUMBO,9.33,0,0,0
